Gewässer,Name allg. gebr.,Kategorie,Badestellenlänge,Kreis Name,Längengrad,Breitengrad,Mögliche Belastungen,Barrierefrei,Wlan,ÖPNV,Baden ohne Aufsicht,Baden m. zeitw. Aufsicht,Eintritt,Liegeplätze ohne Schatten,Liegeplätze mit Schatten,Toiletten,Dusche,Umkleiden,Parken ohne Gebühren,Parken mit Gebühren,Strandkorbverleih,Campingplatz,Spielplatz,Gaststätte,Kiosk,Rudern,Tretboot,Surfen,Segeln,FKK-Strand,Hundestrand,Grillplatz
DESH_PR_0001,Flensburg Ostseebad,Küstengewässer,400,"Flensburg, Stadt",9.431257604331696,54.81521771044347,Cyanobakterien (Blaualgen) und Quallen,Nein,Nein,Nein,Nein,Ja,Nein,Ja,Ja,Nein,Ja,Ja,Ja,Nein,Nein,Nein,Ja,Nein,Nein,Nein,Nein,Nein,Nein,Nein,Ja,Nein
DESH_PR_0002,Flensburg Solitüde,Küstengewässer,520,"Flensburg, Stadt",9.489586367031023,54.82454993918277,Cyanobakterien (Blaualgen) und Quallen,Nein,Nein,Nein,Nein,Ja,Nein,Ja,Ja,Ja,Ja,Ja,Nein,Ja,Nein,Nein,Ja,Nein,Nein,Nein,Nein,Nein,Nein,Nein,Ja,Nein
DESH_PR_0003,Kiel Schilksee,Küstengewässer,750,"Kiel, Landeshauptstadt",10.17515517428041,54.42667512347826,Cyanobakterien (Blaualgen) und Quallen,Nein,Nein,Nein,Nein,Nein,Nein,Ja,Nein,Ja,Nein,Nein,Nein,Nein,Nein,Nein,Ja,Nein,Ja,Nein,Ja,Nein,Nein,Nein,Nein,Nein
DESH_PR_0004,Kiel Friedrichsort,Küstengewässer,1900,"Kiel, Landeshauptstadt",10.19144902103147,54.39998204145675,Cyanobakterien (Blaualgen) und Quallen,Nein,Nein,Nein,Nein,Nein,Nein,Ja,Nein,Ja,Nein,Nein,Nein,Ja,Nein,Nein,Nein,Ja,Nein,Nein,Nein,Nein,Nein,Nein,Nein,Ja
DESH_PR_0005,Kiel Düsternbrook,Küstengewässer,100,"Kiel, Landeshauptstadt",10.15486575941119,54.34820846650275,Cyanobakterien (Blaualgen) und Quallen,Nein,Nein,Nein,Nein,Nein,Ja,Nein,Ja,Ja,Ja,Ja,Nein,Nein,Nein,Nein,Nein,Nein,Nein,Nein,Nein,Nein,Nein,Nein,Nein,Nein
DESH_PR_0006,Travemünde Kurstrand,Küstengewässer,2140,"Lübeck, Hansestadt",10.88410701366252,53.97234044846275,Cyanobakterien (Blaualgen) und Quallen,Nein,Nein,Nein,Nein,Ja,Nein,Nein,Nein,Ja,Ja,Nein,Nein,Nein,Ja,Nein,Nein,Nein,Ja,Nein,Nein,Nein,Nein,Nein,Nein,Nein
DESH_PR_0007,Priwall,Küstengewässer,1000,"Lübeck, Hansestadt",10.89691319211247,53.95875841772875,Cyanobakterien (Blaualgen) und Quallen,Nein,Nein,Nein,Nein,Ja,Nein,Nein,Nein,Ja,Ja,Nein,Nein,Nein,Nein,Nein,Nein,Nein,Ja,Nein,Nein,Nein,Nein,Ja,Ja,Nein
DESH_PR_0008,Wakenitz Eichholz,Fließgewässer,100,"Lübeck, Hansestadt",10.73597552660686,53.84269768979281,Cyanobakterien (Blaualgen) und Zerkarien,Nein,Nein,Nein,Nein,Nein,Ja,Nein,Ja,Ja,Nein,Ja,Nein,Nein,Nein,Nein,Nein,Nein,Ja,Nein,Nein,Nein,Nein,Nein,Nein,Nein
DESH_PR_0009,Wakenitz Marli,Fließgewässer,180,"Lübeck, Hansestadt",10.70885677129953,53.87157019547055,Cyanobakterien (Blaualgen) und Zerkarien,Nein,Nein,Nein,Nein,Nein,Ja,Nein,Nein,Ja,Ja,Ja,Nein,Nein,Nein,Nein,Nein,Nein,Ja,Nein,Nein,Nein,Nein,Nein,Nein,Nein
DESH_PR_0010,Wakenitz Falkenwiese,Fließgewässer,100,"Lübeck, Hansestadt",10.70591866430804,53.87084690542869,Cyanobakterien (Blaualgen) und Zerkarien,Nein,Nein,Nein,Nein,Nein,Ja,Nein,Nein,Ja,Ja,Ja,Nein,Nein,Nein,Nein,Nein,Nein,Nein,Nein,Nein,Nein,Nein,Nein,Nein,Nein
DESH_PR_0011,Wakenitz Krähenteich,Fließgewässer,100,"Lübeck, Hansestadt",10.69156587490639,53.86349813388185,Cyanobakterien (Blaualgen) und Zerkarien,Nein,Nein,Nein,Nein,Nein,Ja,Nein,Nein,Ja,Ja,Ja,Nein,Nein,Nein,Nein,Nein,Nein,Ja,Nein,Nein,Nein,Nein,Nein,Nein,Nein
DESH_PR_0012,"Einfelder See, Minigolfplatz",See,110,"Neumünster, Stadt",10.00006773509209,54.13434967162424,Cyanobakterien (Blaualgen) und Zerkarien,Nein,Nein,Nein,Ja,Nein,Nein,Nein,Nein,Ja,Nein,Nein,Ja,Nein,Nein,Nein,Ja,Nein,Ja,Nein,Nein,Nein,Nein,Nein,Nein,Ja
DESH_PR_0013,Neumünster Gartenstadt,See,500,"Neumünster, Stadt",9.93035255375043,54.09659476511162,Cyanobakterien (Blaualgen) und Zerkarien,Nein,Nein,Nein,Ja,Nein,Nein,Nein,Nein,Ja,Ja,Nein,Nein,Nein,Nein,Ja,Nein,Nein,Nein,Nein,Nein,Nein,Nein,Nein,Nein,Nein
DESH_PR_0014,Wesselburenerkoog,Küstengewässer,260,Dithmarschen,8.841013714055473,54.25514570355353,Cyanobakterien (Blaualgen) und Quallen,Nein,Nein,Nein,Ja,Nein,Nein,Nein,Nein,Ja,Nein,Nein,Ja,Nein,Nein,Nein,Ja,Nein,Ja,Nein,Nein,Nein,Nein,Nein,Ja,Nein
DESH_PR_0015,"Westerdeichstrich, Stinteck",Küstengewässer,650,Dithmarschen,8.821999462135617,54.15701341308827,Cyanobakterien (Blaualgen) und Quallen,Nein,Nein,Nein,Nein,Nein,Nein,Nein,Nein,Ja,Nein,Nein,Nein,Nein,Nein,Nein,Ja,Ja,Nein,Nein,Nein,Nein,Nein,Ja,Nein,Ja
DESH_PR_0016,Büsum,Küstengewässer,3300,Dithmarschen,8.843077286601716,54.13334045533471,Cyanobakterien (Blaualgen) und Quallen,Nein,Nein,Nein,Nein,Nein,Nein,Nein,Nein,Ja,Nein,Nein,Nein,Nein,Ja,Nein,Ja,Nein,Nein,Nein,Ja,Nein,Nein,Nein,Ja,Nein
DESH_PR_0017,Büsumer Deichhausen,Küstengewässer,420,Dithmarschen,8.893641014393937,54.13436229881302,Cyanobakterien (Blaualgen) und Quallen,Nein,Nein,Nein,Nein,Nein,Nein,Nein,Nein,Ja,Nein,Nein,Nein,Nein,Ja,Nein,Ja,Nein,Nein,Nein,Nein,Nein,Nein,Nein,Nein,Ja
DESH_PR_0018,Warwerort,Küstengewässer,130,Dithmarschen,8.921229099865043,54.13483938432848,Cyanobakterien (Blaualgen) und Quallen,Nein,Nein,Nein,Ja,Nein,Nein,Nein,Nein,Ja,Nein,Nein,Ja,Nein,Nein,Ja,Ja,Nein,Ja,Nein,Nein,Nein,Nein,Nein,Nein,Nein
DESH_PR_0019,Nordermeldorf,Küstengewässer,580,Dithmarschen,8.941374994546951,54.11098314986203,Cyanobakterien (Blaualgen) und Quallen,Nein,Nein,Nein,Nein,Nein,Nein,Nein,Nein,Ja,Nein,Nein,Nein,Ja,Ja,Nein,Ja,Nein,Ja,Nein,Nein,Nein,Nein,Nein,Nein,Nein
DESH_PR_0020,Elpersbütteler Deich,Küstengewässer,600,Dithmarschen,8.95646673299673,54.08932665838972,Cyanobakterien (Blaualgen) und Quallen,Nein,Nein,Nein,Nein,Nein,Nein,Nein,Nein,Ja,Nein,Nein,Nein,Ja,Ja,Nein,Ja,Nein,Ja,Nein,Nein,Nein,Nein,Nein,Nein,Nein
DESH_PR_0021,Friedrichskoog,Küstengewässer,1620,Dithmarschen,8.838565706306973,54.03426596762192,Cyanobakterien (Blaualgen) und Quallen,Nein,Nein,Nein,Nein,Ja,Nein,Nein,Nein,Ja,Nein,Nein,Nein,Nein,Nein,Nein,Ja,Ja,Nein,Nein,Nein,Nein,Nein,Ja,Ja,Nein
DESH_PR_0022,Hedwigenkoog,Küstengewässer,2070,Dithmarschen,8.808891262885776,54.18184520659887,,Nein,Nein,Nein,Ja,Nein,Nein,Nein,Nein,Ja,Nein,Nein,Ja,Nein,Nein,Nein,Ja,Nein,Nein,Nein,Nein,Nein,Nein,Nein,Ja,Nein
DESH_PR_0023,"Ratzeburger See, Pogeez",See,40,Herzogtum Lauenburg,10.7329868183842,53.75292327517862,Cyanobakterien (Blaualgen) und Zerkarien,Nein,Nein,Nein,Nein,Ja,Ja,Ja,Ja,Ja,Ja,Nein,Nein,Nein,Nein,Nein,Ja,Nein,Ja,Nein,Nein,Nein,Nein,Nein,Nein,Nein
DESH_PR_0024,"Ratzeburger See, Buchholz",See,10,Herzogtum Lauenburg,10.75110787292013,53.73465991108241,Cyanobakterien (Blaualgen) und Zerkarien,Nein,Nein,Nein,Ja,Nein,Nein,Ja,Ja,Ja,Nein,Nein,Ja,Nein,Nein,Nein,Nein,Ja,Nein,Nein,Nein,Nein,Nein,Nein,Nein,Nein
DESH_PR_0025,"Ratzeburger See, Schlosswiese",See,60,Herzogtum Lauenburg,10.76740681703697,53.70175228617765,Cyanobakterien (Blaualgen) und Zerkarien,Nein,Nein,Nein,Nein,Ja,Nein,Ja,Ja,Ja,Ja,Ja,Nein,Ja,Nein,Nein,Nein,Nein,Nein,Nein,Nein,Nein,Nein,Nein,Nein,Nein
DESH_PR_0026,"Ratzeburger See, Römnitz",See,10,Herzogtum Lauenburg,10.76894812639245,53.70732622681142,Cyanobakterien (Blaualgen) und Zerkarien,Nein,Nein,Nein,Ja,Nein,Nein,Ja,Ja,Ja,Ja,Ja,Nein,Nein,Nein,Ja,Nein,Nein,Ja,Nein,Nein,Nein,Nein,Nein,Nein,Nein
DESH_PR_0027,"Ratzeburger See, Bäk",See,15,Herzogtum Lauenburg,10.78111437560668,53.70975329103847,Cyanobakterien (Blaualgen) und Zerkarien,Nein,Nein,Nein,Nein,Ja,Nein,Ja,Ja,Ja,Nein,Ja,Nein,Nein,Nein,Nein,Nein,Nein,Nein,Nein,Nein,Nein,Nein,Nein,Nein,Nein
DESH_PR_0028,Küchensee Ratzeburg,See,30,Herzogtum Lauenburg,10.77632899369443,53.69662871518021,Cyanobakterien (Blaualgen) und Zerkarien,Nein,Nein,Nein,Nein,Ja,Nein,Ja,Ja,Ja,Nein,Nein,Ja,Nein,Nein,Nein,Ja,Nein,Nein,Nein,Nein,Nein,Nein,Nein,Nein,Nein
DESH_PR_0029,Behlendorfer See,See,12,Herzogtum Lauenburg,10.67451019946705,53.70506987854308,Cyanobakterien (Blaualgen) und Zerkarien,Nein,Nein,Nein,Ja,Nein,Nein,Ja,Ja,Ja,Nein,Nein,Ja,Nein,Nein,Ja,Nein,Nein,Ja,Nein,Nein,Nein,Nein,Nein,Nein,Nein
DESH_PR_0030,Kleiner Mustiner See,See,25,Herzogtum Lauenburg,10.88530512961891,53.69154591707813,Cyanobakterien (Blaualgen) und Zerkarien,Nein,Nein,Nein,Ja,Nein,Nein,Ja,Ja,Ja,Ja,Nein,Ja,Nein,Nein,Nein,Nein,Ja,Nein,Nein,Nein,Nein,Nein,Nein,Nein,Nein
DESH_PR_0031,Salemer See Campingplatz,See,16,Herzogtum Lauenburg,10.83402629042686,53.65317263442305,Cyanobakterien (Blaualgen) und Zerkarien,Nein,Nein,Nein,Ja,Nein,Nein,Ja,Ja,Ja,Nein,Nein,Nein,Ja,Nein,Ja,Nein,Nein,Ja,Nein,Nein,Nein,Nein,Nein,Nein,Nein
DESH_PR_0032,Schaalsee Seedorf,See,20,Herzogtum Lauenburg,10.8766756726046,53.62152462701978,Cyanobakterien (Blaualgen) und Zerkarien,Nein,Nein,Nein,Ja,Nein,Nein,Ja,Ja,Ja,Nein,Ja,Ja,Nein,Nein,Nein,Nein,Ja,Nein,Nein,Nein,Nein,Nein,Nein,Nein,Nein
DESH_PR_0033,Schaalsee Groß Zecher,See,20,Herzogtum Lauenburg,10.91083430235691,53.59808412268669,Cyanobakterien (Blaualgen) und Zerkarien,Nein,Nein,Nein,Ja,Nein,Nein,Ja,Nein,Ja,Ja,Nein,Ja,Nein,Nein,Ja,Ja,Ja,Nein,Nein,Nein,Nein,Nein,Nein,Nein,Nein
DESH_PR_0034,Schulsee Mölln,See,30,Herzogtum Lauenburg,10.70121891621372,53.63314364729721,Cyanobakterien (Blaualgen) und Zerkarien,Nein,Nein,Nein,Nein,Ja,Nein,Ja,Ja,Ja,Ja,Ja,Nein,Nein,Nein,Nein,Ja,Nein,Nein,Nein,Nein,Nein,Nein,Nein,Nein,Nein
DESH_PR_0035,Lütauer See Campingplatz,See,50,Herzogtum Lauenburg,10.71621968405222,53.60401185788681,Cyanobakterien (Blaualgen) und Zerkarien,Nein,Nein,Nein,Ja,Nein,Nein,Ja,Nein,Ja,Ja,Nein,Nein,Nein,Nein,Ja,Ja,Ja,Ja,Nein,Nein,Nein,Nein,Nein,Nein,Nein
DESH_PR_0036,Forellensee Witzeeze,See,100,Herzogtum Lauenburg,10.63128236506029,53.46510103617423,Cyanobakterien (Blaualgen) und Zerkarien,Nein,Nein,Nein,Ja,Nein,Nein,Ja,Ja,Ja,Ja,Nein,Nein,Nein,Nein,Ja,Ja,Ja,Nein,Nein,Nein,Nein,Nein,Nein,Nein,Nein
DESH_PR_0037,Prüßsee Yachthafen,See,250,Herzogtum Lauenburg,10.68939508102653,53.527316768622,Cyanobakterien (Blaualgen) und Zerkarien,Nein,Nein,Nein,Nein,Ja,Nein,Ja,Ja,Ja,Ja,Nein,Nein,Nein,Nein,Ja,Ja,Ja,Nein,Nein,Nein,Nein,Nein,Nein,Nein,Nein
DESH_PR_0038,Prüßsee Badeinsel,See,250,Herzogtum Lauenburg,10.68442286150591,53.52932262098722,Cyanobakterien (Blaualgen) und Zerkarien,Nein,Nein,Nein,Ja,Nein,Nein,Ja,Nein,Ja,Ja,Nein,Ja,Nein,Nein,Ja,Ja,Ja,Nein,Nein,Nein,Nein,Nein,Nein,Nein,Nein
DESH_PR_0039,"Lanzer See, Basedow",See,10,Herzogtum Lauenburg,10.59885695998549,53.41209791245395,,Nein,Nein,Nein,Ja,Nein,Nein,Ja,Ja,Ja,Ja,Nein,Ja,Nein,Nein,Ja,Nein,Ja,Ja,Nein,Nein,Nein,Nein,Nein,Nein,Nein
DESH_PR_0040,Tonteich Sachsenwald,See,30,Herzogtum Lauenburg,10.27421830972709,53.51278954026395,Cyanobakterien (Blaualgen) und Zerkarien,Nein,Nein,Nein,Nein,Ja,Ja,Ja,Ja,Ja,Ja,Ja,Nein,Nein,Nein,Nein,Nein,Nein,Ja,Nein,Nein,Nein,Nein,Nein,Nein,Nein
DESH_PR_0041,"Ratzeburger See, Kalkhütte",See,10,Herzogtum Lauenburg,10.76677097238214,53.7307385041083,Cyanobakterien (Blaualgen) und Zerkarien,Nein,Nein,Nein,Ja,Nein,Nein,Ja,Ja,Ja,Ja,Nein,Nein,Nein,Nein,Ja,Nein,Nein,Nein,Nein,Nein,Nein,Nein,Nein,Nein,Nein
DESH_PR_0042,"Salemer See, Salem Promenade",See,35,Herzogtum Lauenburg,10.82887993032813,53.65693308497145,Cyanobakterien (Blaualgen) und Zerkarien,Nein,Nein,Nein,Ja,Nein,Nein,Ja,Ja,Ja,Nein,Nein,Nein,Nein,Nein,Nein,Ja,Nein,Ja,Ja,Ja,Nein,Nein,Nein,Nein,Nein
DESH_PR_0043,"Sylt, List Oststrand",Küstengewässer,400,Nordfriesland,8.415914403671865,55.0093930043089,Cyanobakterien (Blaualgen),Nein,Nein,Nein,Nein,Ja,Ja,Ja,Nein,Ja,Nein,Nein,Ja,Nein,Ja,Nein,Nein,Ja,Nein,Nein,Nein,Nein,Nein,Nein,Nein,Nein
DESH_PR_0044,"Sylt, Hörnum Oststrand",Küstengewässer,600,Nordfriesland,8.295254161491666,54.75616439000604,Cyanobakterien (Blaualgen),Nein,Nein,Ja,Nein,Ja,Ja,Ja,Nein,Ja,Nein,Nein,Nein,Nein,Nein,Nein,Ja,Nein,Ja,Nein,Nein,Ja,Nein,Nein,Nein,Nein
DESH_PR_0045,"Amrum, Norddorf",Küstengewässer,1800,Nordfriesland,8.313883008310675,54.68681328923685,Cyanobakterien (Blaualgen),Ja,Nein,Nein,Nein,Ja,Nein,Ja,Nein,Ja,Ja,Ja,Nein,Nein,Ja,Nein,Nein,Ja,Ja,Nein,Nein,Ja,Ja,Ja,Ja,Nein
DESH_PR_0046,"Amrum, Nebel",Küstengewässer,1500,Nordfriesland,8.317332894523963,54.64813612087629,Cyanobakterien (Blaualgen),Ja,Nein,Nein,Nein,Ja,Nein,Ja,Nein,Ja,Ja,Nein,Ja,Nein,Ja,Nein,Ja,Ja,Ja,Nein,Nein,Nein,Nein,Ja,Ja,Nein
DESH_PR_0048,"Föhr, Nieblum",Küstengewässer,500,Nordfriesland,8.488812201368342,54.68238074135354,Cyanobakterien (Blaualgen),Nein,Nein,Nein,Nein,Ja,Nein,Ja,Nein,Ja,Ja,Nein,Ja,Nein,Ja,Nein,Nein,Nein,Nein,Nein,Nein,Ja,Nein,Nein,Nein,Nein
DESH_PR_0049,"Föhr, Nieblum Goting",Küstengewässer,450,Nordfriesland,8.470482679749976,54.68464063061902,Cyanobakterien (Blaualgen),Nein,Nein,Nein,Nein,Ja,Nein,Ja,Nein,Ja,Ja,Nein,Ja,Nein,Ja,Nein,Nein,Nein,Nein,Nein,Nein,Ja,Nein,Nein,Nein,Nein
DESH_PR_0050,"Föhr, Nieblum FKK-Strand",Küstengewässer,100,Nordfriesland,8.4600195029937,54.69008340288262,Cyanobakterien (Blaualgen),Nein,Nein,Nein,Ja,Nein,Nein,Ja,Ja,Ja,Ja,Nein,Ja,Nein,Nein,Nein,Nein,Nein,Nein,Nein,Nein,Nein,Nein,Ja,Ja,Nein
DESH_PR_0051,"Föhr, Utersum",Küstengewässer,730,Nordfriesland,8.396470218252771,54.71459209121018,Cyanobakterien (Blaualgen),Ja,Nein,Nein,Nein,Ja,Nein,Ja,Nein,Ja,Ja,Nein,Ja,Nein,Ja,Nein,Nein,Nein,Ja,Nein,Nein,Nein,Nein,Nein,Ja,Nein
DESH_PR_0052,"Pellworm, Schüttingen",Küstengewässer,350,Nordfriesland,8.603472056010139,54.50455302135861,Cyanobakterien (Blaualgen),Nein,Nein,Nein,Ja,Nein,Nein,Ja,Nein,Ja,Ja,Nein,Ja,Nein,Ja,Nein,Ja,Nein,Nein,Nein,Nein,Nein,Nein,Nein,Nein,Nein
DESH_PR_0053,"Pellworm, Hooger Föhre",Küstengewässer,400,Nordfriesland,8.599303531475885,54.53590367884036,Cyanobakterien (Blaualgen),Nein,Nein,Nein,Ja,Nein,Nein,Ja,Nein,Ja,Ja,Nein,Ja,Nein,Ja,Nein,Ja,Nein,Ja,Nein,Nein,Nein,Nein,Nein,Nein,Nein
DESH_PR_0054,"Pellworm, Hörn",Küstengewässer,300,Nordfriesland,8.641229804833019,54.54543175277877,Cyanobakterien (Blaualgen),Nein,Nein,Nein,Ja,Nein,Nein,Ja,Nein,Ja,Ja,Nein,Ja,Nein,Ja,Nein,Ja,Nein,Nein,Nein,Nein,Nein,Nein,Ja,Ja,Nein
DESH_PR_0055,Dagebüll,Küstengewässer,700,Nordfriesland,8.693538623995714,54.72943573561741,Cyanobakterien (Blaualgen),Ja,Nein,Nein,Ja,Nein,Nein,Ja,Nein,Ja,Ja,Nein,Nein,Ja,Ja,Nein,Nein,Nein,Ja,Nein,Nein,Nein,Nein,Nein,Nein,Nein
DESH_PR_0057,"Hamburger Hallig, Reussenköge",Küstengewässer,500,Nordfriesland,8.812901925480164,54.60017722050662,Cyanobakterien (Blaualgen),Nein,Nein,Nein,Ja,Nein,Nein,Ja,Nein,Ja,Ja,Nein,Nein,Ja,Nein,Nein,Nein,Ja,Nein,Nein,Nein,Nein,Nein,Nein,Nein,Nein
DESH_PR_0060,"Husum, Dockkoogspitze",Küstengewässer,250,Nordfriesland,9.0045085137032,54.48162823673155,Cyanobakterien (Blaualgen),Nein,Nein,Nein,Nein,Ja,Nein,Ja,Nein,Ja,Ja,Nein,Ja,Nein,Ja,Ja,Ja,Nein,Ja,Nein,Nein,Nein,Nein,Nein,Ja,Nein
DESH_PR_0063,Vollerwiek,Küstengewässer,250,Nordfriesland,8.781272631367802,54.2830268829881,Cyanobakterien (Blaualgen),Nein,Nein,Nein,Nein,Nein,Ja,Ja,Nein,Ja,Ja,Nein,Ja,Nein,Ja,Nein,Nein,Ja,Nein,Nein,Nein,Nein,Nein,Nein,Ja,Nein
DESH_PR_0064,Ladelund Badeanstalt,See,150,Nordfriesland,9.03506587848554,54.85189497529858,Cyanobakterien (Blaualgen),Nein,Nein,Nein,Nein,Ja,Ja,Ja,Ja,Ja,Ja,Ja,Ja,Nein,Nein,Nein,Ja,Nein,Ja,Nein,Nein,Nein,Nein,Nein,Nein,Nein
DESH_PR_0065,Badesee Niebüll Wehle,See,70,Nordfriesland,8.812922068190662,54.78707910266028,Cyanobakterien (Blaualgen),Nein,Nein,Nein,Nein,Ja,Nein,Ja,Ja,Ja,Ja,Nein,Ja,Nein,Nein,Nein,Nein,Nein,Ja,Nein,Nein,Nein,Nein,Nein,Nein,Nein
DESH_PR_0066,Treene Schwabstedt,Fließgewässer,80,Nordfriesland,9.187476987161796,54.3945473441629,Cyanobakterien (Blaualgen) und Zerkarien,Ja,Ja,Nein,Nein,Ja,Ja,Ja,Ja,Ja,Ja,Ja,Ja,Nein,Nein,Nein,Ja,Ja,Ja,Nein,Ja,Nein,Nein,Nein,Nein,Ja
DESH_PR_0067,Treene Friedrichstadt,Fließgewässer,140,Nordfriesland,9.093875155730345,54.38125513584866,Cyanobakterien (Blaualgen) und Zerkarien,Ja,Nein,Nein,Nein,Nein,Nein,Ja,Ja,Ja,Ja,Ja,Nein,Nein,Nein,Nein,Ja,Nein,Nein,Nein,Nein,Nein,Nein,Nein,Nein,Nein
DESH_PR_0068,"Nordstrand, Holmersiel",Küstengewässer,500,Nordfriesland,8.874065750596895,54.53381573195423,Cyanobakterien (Blaualgen),Nein,Nein,Nein,Nein,Ja,Nein,Ja,Nein,Ja,Ja,Nein,Ja,Nein,Ja,Nein,Ja,Nein,Ja,Nein,Nein,Nein,Nein,Ja,Ja,Nein
DESH_PR_0069,"Lüttmoorsiel, Reussenköge",Küstengewässer,320,Nordfriesland,8.87103695136256,54.56339512780572,Cyanobakterien (Blaualgen),Nein,Nein,Nein,Ja,Nein,Nein,Ja,Nein,Ja,Ja,Nein,Ja,Nein,Nein,Nein,Nein,Nein,Ja,Nein,Nein,Nein,Nein,Nein,Nein,Nein
DESH_PR_0070,"Sylt, List Weststrand",Küstengewässer,5700,Nordfriesland,8.374678967790091,55.02484247552577,Cyanobakterien (Blaualgen),Nein,Nein,Ja,Nein,Ja,Ja,Ja,Nein,Ja,Ja,Nein,Nein,Ja,Ja,Nein,Ja,Ja,Ja,Nein,Nein,Nein,Nein,Ja,Ja,Nein
DESH_PR_0071,"Sylt, Kampen",Küstengewässer,2800,Nordfriesland,8.336544766271187,54.97025700663084,Cyanobakterien (Blaualgen),Nein,Nein,Ja,Nein,Ja,Ja,Ja,Nein,Ja,Ja,Nein,Nein,Nein,Ja,Nein,Nein,Nein,Nein,Nein,Nein,Nein,Nein,Nein,Nein,Nein
DESH_PR_0072,"Sylt, Wenningstedt",Küstengewässer,1350,Nordfriesland,8.314340877805847,54.93817698001737,Cyanobakterien (Blaualgen),Ja,Nein,Ja,Nein,Ja,Ja,Ja,Nein,Ja,Nein,Nein,Nein,Nein,Ja,Nein,Ja,Ja,Nein,Nein,Nein,Nein,Nein,Nein,Nein,Nein
DESH_PR_0073,"Sylt, Westerland",Küstengewässer,5800,Nordfriesland,8.296650409240671,54.90600740978213,Cyanobakterien (Blaualgen),Ja,Nein,Ja,Nein,Ja,Ja,Ja,Nein,Ja,Nein,Nein,Nein,Nein,Ja,Ja,Nein,Ja,Nein,Nein,Nein,Nein,Nein,Nein,Ja,Nein
DESH_PR_0074,"Sylt, Rantum",Küstengewässer,7000,Nordfriesland,8.285159139115924,54.83295609288864,Cyanobakterien (Blaualgen),Nein,Nein,Ja,Nein,Ja,Ja,Nein,Nein,Ja,Ja,Nein,Nein,Ja,Ja,Nein,Nein,Ja,Ja,Nein,Nein,Ja,Nein,Nein,Nein,Nein
DESH_PR_0075,"Sylt, Hörnum Weststrand",Küstengewässer,4200,Nordfriesland,8.2815021255628,54.77036291935637,Cyanobakterien (Blaualgen),Nein,Nein,Ja,Nein,Ja,Ja,Ja,Nein,Ja,Ja,Nein,Nein,Nein,Nein,Nein,Nein,Nein,Ja,Nein,Nein,Nein,Nein,Ja,Nein,Nein
DESH_PR_0076,"Föhr, Wyk",Küstengewässer,3800,Nordfriesland,8.562659950161684,54.68101363752157,Cyanobakterien (Blaualgen),Ja,Nein,Nein,Nein,Ja,Nein,Ja,Nein,Ja,Ja,Nein,Ja,Nein,Ja,Nein,Ja,Ja,Nein,Nein,Nein,Nein,Nein,Nein,Nein,Nein
DESH_PR_0077,"Pellworm, Süderkoog",Küstengewässer,700,Nordfriesland,8.669694421671293,54.49606346007214,Cyanobakterien (Blaualgen),Nein,Nein,Nein,Nein,Ja,Nein,Ja,Nein,Ja,Ja,Nein,Ja,Nein,Ja,Nein,Ja,Nein,Ja,Nein,Nein,Nein,Nein,Nein,Ja,Nein
DESH_PR_0078,St. Peter-Ording Ording,Küstengewässer,1400,Nordfriesland,8.588346196172003,54.3336728005136,Cyanobakterien (Blaualgen),Nein,Ja,Nein,Nein,Ja,Ja,Ja,Nein,Ja,Ja,Nein,Nein,Ja,Nein,Ja,Ja,Ja,Ja,Nein,Nein,Ja,Ja,Ja,Ja,Nein
DESH_PR_0080,"Timmendorf, Niendorf",Küstengewässer,2165,Ostholstein,10.82663466830121,53.99565783420591,Cyanobakterien (Blaualgen),Nein,Nein,Nein,Nein,Ja,Nein,Nein,Ja,Ja,Ja,Nein,Ja,Nein,Nein,Nein,Nein,Nein,Ja,Nein,Nein,Nein,Nein,Nein,Nein,Nein
DESH_PR_0081,Timmendorfer Strand,Küstengewässer,3380,Ostholstein,10.78934380927996,53.99861731371027,Cyanobakterien (Blaualgen) und Quallen,Nein,Nein,Nein,Nein,Nein,Nein,Ja,Nein,Ja,Ja,Ja,Nein,Nein,Nein,Nein,Nein,Nein,Ja,Nein,Nein,Nein,Nein,Nein,Nein,Nein
DESH_PR_0082,Scharbeutz,Küstengewässer,3520,Ostholstein,10.76229565043832,54.02503370221621,Cyanobakterien (Blaualgen) und Quallen,Ja,Nein,Nein,Nein,Ja,Nein,Nein,Nein,Ja,Ja,Nein,Nein,Nein,Ja,Ja,Ja,Ja,Ja,Nein,Nein,Ja,Ja,Nein,Ja,Ja
DESH_PR_0083,Haffkrug,Küstengewässer,1900,Ostholstein,10.75279033597683,54.04982280943214,Cyanobakterien (Blaualgen),Nein,Nein,Nein,Ja,Nein,Nein,Nein,Ja,Ja,Nein,Nein,Ja,Nein,Nein,Nein,Nein,Nein,Nein,Nein,Nein,Nein,Nein,Nein,Nein,Nein
DESH_PR_0084,Sierksdorf,Küstengewässer,2100,Ostholstein,10.77507808914354,54.06706999052628,Cyanobakterien (Blaualgen) und Quallen,Nein,Nein,Nein,Nein,Ja,Nein,Nein,Ja,Ja,Ja,Nein,Nein,Nein,Ja,Nein,Ja,Ja,Nein,Nein,Nein,Nein,Nein,Nein,Nein,Nein
DESH_PR_0085,Neustadt Kiebitzberg,Küstengewässer,300,Ostholstein,10.83190431557149,54.09002969499858,Cyanobakterien (Blaualgen) und Quallen,Nein,Nein,Nein,Nein,Nein,Nein,Ja,Nein,Ja,Ja,Ja,Nein,Nein,Nein,Nein,Nein,Nein,Ja,Nein,Nein,Nein,Nein,Nein,Nein,Nein
DESH_PR_0086,"Neustadt, Pelzerhaken",Küstengewässer,700,Ostholstein,10.85912664847816,54.08998080616066,Cyanobakterien (Blaualgen) und Quallen,Nein,Nein,Nein,Ja,Nein,Nein,Nein,Ja,Ja,Nein,Nein,Ja,Nein,Nein,Nein,Ja,Nein,Nein,Nein,Nein,Nein,Nein,Nein,Nein,Nein
DESH_PR_0087,Rettin,Küstengewässer,1000,Ostholstein,10.89195217992645,54.09564104224198,Cyanobakterien (Blaualgen),Nein,Nein,Nein,Ja,Nein,Nein,Nein,Ja,Ja,Ja,Nein,Nein,Nein,Nein,Nein,Ja,Ja,Ja,Nein,Nein,Nein,Nein,Nein,Nein,Nein
DESH_PR_0088,Bliesdorf,Küstengewässer,700,Ostholstein,10.93236416338253,54.12454125596516,Cyanobakterien (Blaualgen) und Quallen,Nein,Nein,Nein,Ja,Nein,Nein,Nein,Ja,Ja,Nein,Nein,Ja,Nein,Nein,Nein,Nein,Nein,Nein,Nein,Nein,Nein,Nein,Nein,Ja,Nein
DESH_PR_0089,Grömitz,Küstengewässer,2720,Ostholstein,10.9643096785931,54.14558316016969,Cyanobakterien (Blaualgen) und Quallen,Nein,Nein,Nein,Nein,Ja,Nein,Ja,Nein,Ja,Nein,Nein,Ja,Nein,Nein,Nein,Nein,Nein,Nein,Nein,Nein,Nein,Nein,Nein,Nein,Nein
DESH_PR_0090,Lenste,Küstengewässer,5390,Ostholstein,11.01436142184711,54.16532993411439,Cyanobakterien (Blaualgen) und Quallen,Nein,Nein,Nein,Ja,Nein,Nein,Nein,Ja,Ja,Nein,Nein,Ja,Nein,Nein,Nein,Nein,Nein,Nein,Nein,Nein,Nein,Nein,Nein,Nein,Nein
DESH_PR_0091,Kellenhusen,Küstengewässer,3070,Ostholstein,11.06280395669914,54.18878966306593,Cyanobakterien (Blaualgen) und Quallen,Nein,Nein,Nein,Ja,Nein,Nein,Ja,Nein,Ja,Nein,Nein,Ja,Nein,Nein,Nein,Nein,Ja,Nein,Nein,Nein,Nein,Nein,Nein,Nein,Nein
DESH_PR_0092,Dahme,Küstengewässer,3590,Ostholstein,11.08845311084638,54.23288216822261,Cyanobakterien (Blaualgen) und Quallen,Nein,Nein,Nein,Ja,Nein,Nein,Ja,Nein,Ja,Nein,Nein,Ja,Nein,Nein,Nein,Nein,Nein,Nein,Nein,Nein,Nein,Nein,Nein,Nein,Nein
DESH_PR_0093,Süssau,Küstengewässer,3700,Ostholstein,11.08355683642508,54.28826525491783,Cyanobakterien (Blaualgen) und Quallen,Nein,Nein,Nein,Ja,Nein,Nein,Ja,Nein,Ja,Nein,Nein,Ja,Ja,Ja,Nein,Nein,Nein,Nein,Nein,Nein,Nein,Nein,Nein,Nein,Nein
DESH_PR_0094,Neukirchen Ostermade,Küstengewässer,4890,Ostholstein,11.07524740310331,54.32611856982811,Cyanobakterien (Blaualgen) und Quallen,Nein,Nein,Nein,Ja,Nein,Nein,Ja,Nein,Ja,Nein,Nein,Ja,Ja,Ja,Nein,Nein,Nein,Nein,Nein,Nein,Nein,Nein,Nein,Nein,Nein
DESH_PR_0095,Großenbrode Kurzentrum,Küstengewässer,1670,Ostholstein,11.09021687948187,54.35900304156593,Cyanobakterien (Blaualgen) und Quallen,Nein,Nein,Nein,Ja,Nein,Nein,Ja,Nein,Ja,Nein,Nein,Ja,Ja,Ja,Nein,Nein,Nein,Nein,Nein,Nein,Nein,Nein,Nein,Nein,Nein
DESH_PR_0097,"Großenbrode, unterhalb Baltic",Küstengewässer,1140,Ostholstein,11.08511031556505,54.38661602882592,Cyanobakterien (Blaualgen) und Quallen,Ja,Nein,Nein,Ja,Nein,Nein,Ja,Nein,Ja,Nein,Nein,Ja,Nein,Nein,Nein,Nein,Nein,Nein,Nein,Nein,Nein,Nein,Nein,Nein,Nein
DESH_PR_0098,Steinwarder,Küstengewässer,3830,Ostholstein,10.96539031738156,54.38371458442331,Cyanobakterien (Blaualgen) und Quallen,Nein,Nein,Nein,Ja,Nein,Nein,Ja,Nein,Ja,Nein,Nein,Ja,Nein,Nein,Nein,Nein,Nein,Nein,Nein,Nein,Nein,Nein,Nein,Nein,Nein
DESH_PR_0099,Weißenhäuser Strand,Küstengewässer,6000,Ostholstein,10.79330642531439,54.31476553465171,Cyanobakterien (Blaualgen) und Quallen,Nein,Nein,Nein,Nein,Nein,Nein,Ja,Ja,Ja,Ja,Nein,Nein,Ja,Nein,Nein,Nein,Nein,Nein,Nein,Nein,Nein,Nein,Nein,Nein,Nein
DESH_PR_0100,"Hemmelsdorfer See, Offendorf",See,50,Ostholstein,10.77659282073757,53.94845083009349,Zerkarien,Nein,Nein,Nein,Nein,Nein,Ja,Nein,Nein,Ja,Ja,Ja,Nein,Nein,Nein,Nein,Nein,Nein,Ja,Nein,Nein,Nein,Nein,Nein,Nein,Nein
DESH_PR_0101,"Pönitzer See, Klingberg",See,60,Ostholstein,10.70437284030715,54.03121771803246,Zerkarien,Nein,Nein,Nein,Nein,Nein,Ja,Nein,Ja,Ja,Ja,Ja,Nein,Nein,Nein,Nein,Nein,Nein,Nein,Nein,Nein,Nein,Nein,Nein,Nein,Nein
DESH_PR_0102,"Großer Eutiner See, Eutin",See,60,Ostholstein,10.62223220484504,54.14551080218756,Zerkarien,Nein,Nein,Nein,Nein,Nein,Nein,Ja,Nein,Ja,Ja,Ja,Nein,Nein,Nein,Nein,Nein,Nein,Ja,Nein,Nein,Nein,Nein,Nein,Nein,Nein
DESH_PR_0103,"Kellersee, Fissau",See,8,Ostholstein,10.60437372525954,54.16185348461476,Zerkarien,Nein,Nein,Nein,Ja,Nein,Nein,Nein,Nein,Ja,Ja,Nein,Nein,Nein,Nein,Ja,Nein,Nein,Nein,Ja,Nein,Nein,Nein,Nein,Nein,Nein
DESH_PR_0104,Griebeler See,See,18,Ostholstein,10.7112195276907,54.14017975998669,Cyanobakterien (Blaualgen),Nein,Nein,Nein,Ja,Nein,Nein,Nein,Ja,Ja,Nein,Nein,Ja,Nein,Nein,Nein,Nein,Nein,Nein,Nein,Nein,Nein,Nein,Nein,Nein,Nein
DESH_PR_0105,"Großer Plöner See, Bosau",See,60,Ostholstein,10.42707222964036,54.10289753987297,Zerkarien,Nein,Nein,Nein,Nein,Nein,Nein,Nein,Ja,Ja,Nein,Nein,Ja,Nein,Nein,Nein,Ja,Ja,Nein,Nein,Nein,Nein,Nein,Nein,Nein,Nein
DESH_PR_0106,"Dieksee, Malente",See,100,Ostholstein,10.54189128628009,54.16980012788078,Cyanobakterien (Blaualgen),Nein,Nein,Nein,Nein,Nein,Nein,Ja,Nein,Ja,Ja,Ja,Nein,Nein,Nein,Nein,Nein,Nein,Ja,Nein,Nein,Nein,Nein,Nein,Nein,Nein
DESH_PR_0107,"Kellersee, Malente",See,50,Ostholstein,10.57497053164977,54.17056064270044,,Nein,Nein,Nein,Ja,Nein,Nein,Nein,Ja,Ja,Nein,Nein,Ja,Nein,Nein,Nein,Ja,Nein,Nein,Nein,Nein,Nein,Nein,Nein,Nein,Nein
DESH_PR_0108,"Behler See, Timmdorf",See,80,Ostholstein,10.48717717604941,54.17413596952705,Zerkarien,Nein,Nein,Nein,Ja,Nein,Nein,Nein,Ja,Ja,Nein,Nein,Ja,Nein,Nein,Nein,Ja,Nein,Nein,Nein,Nein,Nein,Nein,Nein,Nein,Nein
DESH_PR_0109,"Neukirchener See, Neukirchen",See,50,Ostholstein,10.5619180682588,54.21693222811131,Zerkarien,Nein,Nein,Nein,Ja,Nein,Nein,Nein,Ja,Ja,Nein,Nein,Ja,Nein,Nein,Nein,Nein,Nein,Nein,Nein,Nein,Nein,Nein,Nein,Nein,Nein
DESH_PR_0110,"Großer Benzer See, Benz",See,10,Ostholstein,10.62126362314278,54.20192319272625,Zerkarien,Nein,Nein,Nein,Ja,Nein,Nein,Ja,Nein,Ja,Nein,Nein,Ja,Nein,Nein,Nein,Nein,Nein,Nein,Nein,Nein,Nein,Nein,Nein,Nein,Nein
DESH_PR_0111,"Krummsee, Badestelle Krummsee",See,40,Ostholstein,10.60228558549995,54.19709871069932,Cyanobakterien (Blaualgen) und Zerkarien,Nein,Nein,Nein,Ja,Nein,Nein,Nein,Ja,Ja,Nein,Nein,Ja,Nein,Nein,Nein,Nein,Nein,Nein,Nein,Nein,Nein,Nein,Nein,Nein,Nein
DESH_PR_0112,"Rumpelsee, Süseler Moor",See,30,Ostholstein,10.69159950561303,54.0790858828937,Zerkarien,Nein,Nein,Nein,Ja,Nein,Nein,Ja,Nein,Ja,Nein,Nein,Ja,Nein,Nein,Nein,Nein,Ja,Nein,Nein,Nein,Nein,Nein,Nein,Nein,Nein
DESH_PR_0113,"Kellersee, Eutin, Sielbeck",See,70,Ostholstein,10.62206038245559,54.17825405447977,Zerkarien,Nein,Nein,Nein,Ja,Nein,Nein,Ja,Nein,Ja,Nein,Nein,Ja,Nein,Nein,Nein,Nein,Nein,Nein,Nein,Nein,Nein,Nein,Nein,Nein,Nein
DESH_PR_0114,"Fehmarn, Petersdorf",Küstengewässer,8500,Ostholstein,11.01017985833668,54.47193496478037,Cyanobakterien (Blaualgen) und Quallen,Nein,Nein,Nein,Ja,Nein,Nein,Ja,Nein,Ja,Nein,Nein,Ja,Ja,Ja,Nein,Nein,Nein,Nein,Nein,Nein,Nein,Nein,Nein,Nein,Nein
DESH_PR_0115,"Fehmarn, Gammendorf",Küstengewässer,6300,Ostholstein,11.11535430358593,54.52970532227664,Cyanobakterien (Blaualgen) und Quallen,Nein,Nein,Nein,Ja,Nein,Nein,Ja,Nein,Ja,Nein,Nein,Ja,Ja,Ja,Nein,Nein,Nein,Nein,Nein,Nein,Nein,Nein,Nein,Nein,Nein
DESH_PR_0116,"Fehmarn, Bannesdorf",Küstengewässer,7830,Ostholstein,11.28016565048612,54.45116931362063,Cyanobakterien (Blaualgen) und Quallen,Nein,Nein,Nein,Ja,Nein,Nein,Ja,Nein,Ja,Nein,Nein,Ja,Ja,Ja,Nein,Nein,Nein,Nein,Nein,Nein,Nein,Nein,Nein,Nein,Nein
DESH_PR_0117,"Fehmarn, Fehmarnsund",Küstengewässer,4500,Ostholstein,11.15416848338476,54.40351210659391,Cyanobakterien (Blaualgen) und Quallen,Nein,Nein,Nein,Ja,Nein,Nein,Ja,Nein,Ja,Nein,Nein,Ja,Ja,Ja,Nein,Nein,Nein,Nein,Nein,Nein,Nein,Nein,Nein,Nein,Nein
DESH_PR_0118,"Fehmarn, Südstrand",Küstengewässer,4600,Ostholstein,11.23546432903052,54.41352890923008,Cyanobakterien (Blaualgen) und Quallen,Nein,Nein,Nein,Nein,Nein,Nein,Ja,Nein,Ja,Ja,Nein,Nein,Ja,Ja,Nein,Nein,Nein,Nein,Nein,Nein,Nein,Nein,Nein,Nein,Nein
DESH_PR_0119,"Süseler See, Süsel Tannenhöhe",See,150,Ostholstein,10.72619636780946,54.08145249598971,Cyanobakterien (Blaualgen) und Zerkarien,Nein,Nein,Nein,Ja,Nein,Nein,Ja,Nein,Ja,Nein,Nein,Ja,Nein,Nein,Nein,Nein,Nein,Nein,Nein,Nein,Nein,Nein,Nein,Nein,Nein
DESH_PR_0121,"Rantzauer See, Barmstedt",See,140,Pinneberg,9.765602932562516,53.78655080860073,,Nein,Nein,Nein,Ja,Nein,Nein,Nein,Ja,Ja,Ja,Ja,Ja,Nein,Nein,Nein,Nein,Nein,Nein,Nein,Nein,Nein,Nein,Nein,Nein,Nein
DESH_PR_0122,Badesee Oberglinde,See,80,Pinneberg,9.693276750994604,53.66869697680667,Cyanobakterien (Blaualgen) und Zerkarien,Nein,Nein,Nein,Nein,Nein,Nein,Nein,Ja,Ja,Ja,Ja,Nein,Nein,Nein,Nein,Nein,Nein,Ja,Nein,Nein,Nein,Nein,Nein,Nein,Nein
DESH_PR_0123,"Helgoland, Düne Nord",Küstengewässer,630,Pinneberg,7.914826617992494,54.19089509197079,,Nein,Nein,Nein,Nein,Nein,Nein,Nein,Nein,Ja,Ja,Nein,Ja,Nein,Ja,Nein,Nein,Nein,Nein,Nein,Nein,Nein,Nein,Ja,Nein,Nein
DESH_PR_0124,"Helgoland, Düne Süd",Küstengewässer,450,Pinneberg,7.914651895594432,54.18346756992835,,Nein,Nein,Nein,Nein,Nein,Nein,Nein,Nein,Ja,Ja,Nein,Nein,Nein,Ja,Nein,Nein,Ja,Nein,Nein,Nein,Nein,Nein,Nein,Nein,Nein
DESH_PR_0125,Baggersee Appen,See,400,Pinneberg,9.7389645620152,53.63258843849319,,Nein,Nein,Nein,Ja,Nein,Nein,Nein,Ja,Ja,Nein,Nein,Ja,Nein,Nein,Nein,Nein,Nein,Nein,Nein,Nein,Nein,Nein,Nein,Nein,Nein
DESH_PR_0126,Mönkeberg,Küstengewässer,251,Plön,10.17879470826298,54.35311536280987,Cyanobakterien (Blaualgen) und Quallen,Nein,Nein,Nein,Ja,Nein,Nein,Ja,Nein,Ja,Nein,Nein,Ja,Nein,Nein,Nein,Nein,Ja,Ja,Nein,Nein,Nein,Nein,Nein,Nein,Nein
DESH_PR_0127,Kitzeberg,Küstengewässer,250,Plön,10.18069995072242,54.36047493040896,Cyanobakterien (Blaualgen) und Quallen,Nein,Nein,Nein,Ja,Nein,Nein,Ja,Nein,Ja,Nein,Nein,Ja,Nein,Nein,Nein,Nein,Ja,Nein,Nein,Nein,Nein,Nein,Nein,Ja,Nein
DESH_PR_0128,Heikendorf,Küstengewässer,60,Plön,10.19701160629237,54.37221221633237,Cyanobakterien (Blaualgen) und Quallen,Nein,Nein,Nein,Nein,Nein,Ja,Nein,Nein,Ja,Ja,Ja,Nein,Nein,Nein,Nein,Nein,Nein,Ja,Nein,Nein,Nein,Nein,Nein,Nein,Nein
DESH_PR_0129,Möltenort,Küstengewässer,270,Plön,10.19844585901155,54.38170925630249,Cyanobakterien (Blaualgen) und Quallen,Nein,Nein,Nein,Nein,Nein,Ja,Nein,Nein,Ja,Ja,Nein,Nein,Nein,Ja,Nein,Nein,Nein,Ja,Nein,Nein,Nein,Nein,Nein,Nein,Nein
DESH_PR_0130,Laboe Kurstrand,Küstengewässer,950,Plön,10.2212705578378,54.40897350664039,Cyanobakterien (Blaualgen) und Quallen,Nein,Nein,Nein,Nein,Nein,Ja,Nein,Nein,Ja,Ja,Nein,Nein,Nein,Ja,Nein,Ja,Nein,Nein,Nein,Nein,Nein,Nein,Nein,Nein,Nein
DESH_PR_0131,Laboe Freistrand,Küstengewässer,160,Plön,10.24126375148477,54.41740191408425,Cyanobakterien (Blaualgen) und Quallen,Nein,Nein,Nein,Ja,Nein,Nein,Ja,Nein,Nein,Nein,Nein,Nein,Nein,Nein,Nein,Nein,Ja,Nein,Nein,Nein,Ja,Nein,Nein,Nein,Nein
DESH_PR_0132,"Stein, Neustein",Küstengewässer,350,Plön,10.2511537854138,54.41859613752489,Cyanobakterien (Blaualgen) und Quallen,Nein,Nein,Nein,Ja,Nein,Nein,Ja,Nein,Nein,Nein,Nein,Nein,Nein,Nein,Nein,Nein,Nein,Nein,Nein,Nein,Ja,Nein,Nein,Nein,Nein
DESH_PR_0133,"Stein, Steiner Mole",Küstengewässer,240,Plön,10.26969501338835,54.41999560618286,Cyanobakterien (Blaualgen) und Quallen,Nein,Nein,Nein,Nein,Nein,Nein,Nein,Nein,Ja,Nein,Nein,Nein,Ja,Nein,Nein,Nein,Nein,Nein,Nein,Nein,Nein,Nein,Nein,Nein,Nein
DESH_PR_0134,Bottsand,Küstengewässer,860,Plön,10.29870108040832,54.43251382964472,Cyanobakterien (Blaualgen) und Quallen,Nein,Nein,Nein,Ja,Nein,Nein,Ja,Nein,Ja,Nein,Nein,Nein,Nein,Nein,Nein,Nein,Nein,Nein,Nein,Nein,Nein,Nein,Ja,Nein,Nein
DESH_PR_0135,Heidkate,Küstengewässer,3990,Plön,10.33044623842596,54.43714489491632,Cyanobakterien (Blaualgen) und Quallen,Nein,Nein,Nein,Nein,Nein,Nein,Ja,Nein,Ja,Nein,Nein,Nein,Nein,Nein,Nein,Nein,Ja,Nein,Nein,Nein,Nein,Nein,Nein,Nein,Nein
DESH_PR_0136,Kalifornien Kurstrand,Küstengewässer,1300,Plön,10.36905174376274,54.43088163687681,Cyanobakterien (Blaualgen) und Quallen,Nein,Nein,Nein,Nein,Nein,Nein,Nein,Nein,Ja,Nein,Nein,Nein,Nein,Ja,Nein,Nein,Ja,Nein,Nein,Nein,Nein,Nein,Nein,Nein,Nein
DESH_PR_0137,Brasilien,Küstengewässer,1400,Plön,10.39642154434612,54.42571973873908,Cyanobakterien (Blaualgen) und Quallen,Nein,Nein,Nein,Nein,Nein,Nein,Ja,Nein,Ja,Nein,Nein,Nein,Nein,Nein,Nein,Nein,Nein,Nein,Nein,Nein,Nein,Nein,Nein,Nein,Nein
DESH_PR_0138,Schönberger Strand,Küstengewässer,1080,Plön,10.41090462138664,54.41886985374656,Cyanobakterien (Blaualgen) und Quallen,Nein,Nein,Nein,Nein,Nein,Nein,Nein,Nein,Ja,Nein,Nein,Nein,Nein,Ja,Nein,Nein,Ja,Nein,Nein,Nein,Ja,Ja,Nein,Nein,Nein
DESH_PR_0139,Stakendorfer Strand,Küstengewässer,2270,Plön,10.43358827147768,54.4095075669177,Cyanobakterien (Blaualgen) und Quallen,Nein,Nein,Nein,Ja,Nein,Nein,Nein,Nein,Ja,Nein,Nein,Nein,Nein,Nein,Nein,Nein,Ja,Nein,Nein,Nein,Nein,Nein,Nein,Ja,Nein
DESH_PR_0140,"Radeland, Hohenfelde",Küstengewässer,1210,Plön,10.49529986376518,54.38902439042217,Cyanobakterien (Blaualgen) und Quallen,Nein,Nein,Nein,Ja,Nein,Nein,Nein,Nein,Ja,Nein,Nein,Ja,Nein,Nein,Ja,Nein,Nein,Ja,Nein,Nein,Nein,Nein,Nein,Nein,Nein
DESH_PR_0141,Hubertsberg,Küstengewässer,100,Plön,10.54089169834125,54.3813344481438,Cyanobakterien (Blaualgen) und Quallen,Nein,Nein,Nein,Ja,Nein,Nein,Nein,Nein,Nein,Nein,Nein,Ja,Nein,Nein,Ja,Nein,Nein,Nein,Nein,Nein,Nein,Nein,Nein,Nein,Nein
DESH_PR_0142,Neuland,Küstengewässer,1480,Plön,10.61278694956697,54.36074103623891,Cyanobakterien (Blaualgen) und Quallen,Nein,Nein,Nein,Ja,Nein,Nein,Ja,Nein,Nein,Nein,Nein,Nein,Nein,Ja,Nein,Nein,Nein,Nein,Nein,Ja,Nein,Nein,Nein,Ja,Nein
DESH_PR_0143,Lippe,Küstengewässer,480,Plön,10.64890701294158,54.33926870806181,Cyanobakterien (Blaualgen) und Quallen,Nein,Nein,Nein,Ja,Nein,Nein,Nein,Nein,Nein,Nein,Nein,Ja,Nein,Nein,Nein,Nein,Ja,Nein,Nein,Nein,Nein,Nein,Nein,Nein,Nein
DESH_PR_0144,Hohwacht Kurstrand,Küstengewässer,1700,Plön,10.6651890910568,54.32747100800341,Cyanobakterien (Blaualgen) und Quallen,Nein,Nein,Nein,Nein,Nein,Nein,Nein,Nein,Ja,Ja,Nein,Nein,Nein,Ja,Nein,Nein,Nein,Ja,Nein,Ja,Nein,Nein,Nein,Nein,Nein
DESH_PR_0145,Blekendorf Tivoli,Küstengewässer,660,Plön,10.68210518130297,54.31564780618784,Cyanobakterien (Blaualgen) und Quallen,Nein,Nein,Nein,Ja,Nein,Nein,Nein,Nein,Nein,Nein,Nein,Nein,Nein,Nein,Nein,Nein,Nein,Nein,Nein,Nein,Ja,Ja,Nein,Nein,Nein
DESH_PR_0146,"Blekendorf, Sehlendorfer Strand",Küstengewässer,1600,Plön,10.69462929778617,54.30850553392931,Cyanobakterien (Blaualgen) und Quallen,Nein,Nein,Nein,Nein,Nein,Nein,Nein,Nein,Ja,Ja,Nein,Nein,Nein,Ja,Nein,Nein,Ja,Nein,Nein,Nein,Nein,Nein,Nein,Ja,Nein
DESH_PR_0147,"Großer Plöner See, Prinzenbad",See,90,Plön,10.40998708445432,54.1413559145379,Cyanobakterien (Blaualgen) und Quallen,Nein,Nein,Nein,Nein,Nein,Nein,Nein,Ja,Ja,Nein,Nein,Nein,Nein,Nein,Nein,Ja,Ja,Nein,Nein,Nein,Nein,Nein,Nein,Nein,Nein
DESH_PR_0148,"Großer Plöner See, Spitzenort",See,10,Plön,10.40117959098128,54.14782241259608,Cyanobakterien (Blaualgen) und Zerkarien,Nein,Nein,Nein,Ja,Nein,Nein,Nein,Nein,Ja,Ja,Nein,Nein,Nein,Nein,Ja,Nein,Ja,Nein,Nein,Nein,Nein,Nein,Nein,Nein,Nein
DESH_PR_0149,"Großer Plöner See, Jugendherberge",See,10,Plön,10.39449894793377,54.14884024997316,Cyanobakterien (Blaualgen) und Zerkarien,Nein,Nein,Nein,Ja,Nein,Nein,Nein,Nein,Ja,Nein,Nein,Nein,Nein,Nein,Nein,Ja,Nein,Nein,Nein,Nein,Nein,Nein,Nein,Nein,Ja
DESH_PR_0150,"Großer Plöner See, Koppelsberg",See,100,Plön,10.38555596040092,54.15095441297832,Cyanobakterien (Blaualgen) und Zerkarien,Nein,Nein,Nein,Ja,Nein,Nein,Nein,Ja,Nein,Nein,Nein,Nein,Nein,Nein,Nein,Nein,Nein,Nein,Nein,Nein,Nein,Nein,Nein,Nein,Nein
DESH_PR_0151,"Großer Plöner See, Fegetasche",See,170,Plön,10.44841615110948,54.15540732279887,Cyanobakterien (Blaualgen) und Zerkarien,Nein,Nein,Nein,Nein,Nein,Nein,Nein,Ja,Ja,Nein,Nein,Nein,Nein,Nein,Nein,Ja,Ja,Ja,Nein,Nein,Nein,Nein,Nein,Nein,Nein
DESH_PR_0152,"Trammer See, Plön, Schiffsthal",See,25,Plön,10.41785847162176,54.16874730761083,Cyanobakterien (Blaualgen) und Zerkarien,Nein,Nein,Nein,Ja,Nein,Nein,Nein,Ja,Ja,Nein,Nein,Nein,Nein,Nein,Nein,Ja,Nein,Nein,Nein,Nein,Nein,Nein,Nein,Nein,Ja
DESH_PR_0153,"Schöhsee, Plön, Steinbergweg",See,10,Plön,10.44052257363829,54.16252015200489,Cyanobakterien (Blaualgen) und Zerkarien,Nein,Nein,Nein,Ja,Nein,Nein,Nein,Ja,Ja,Nein,Nein,Ja,Nein,Nein,Nein,Ja,Nein,Nein,Nein,Nein,Nein,Nein,Nein,Nein,Nein
DESH_PR_0154,"Behler See, Plön, Adlerhorst",See,15,Plön,10.48073602184449,54.1633405558952,Cyanobakterien (Blaualgen) und Zerkarien,Nein,Nein,Nein,Ja,Nein,Nein,Nein,Ja,Ja,Ja,Nein,Nein,Nein,Nein,Ja,Nein,Nein,Nein,Ja,Nein,Nein,Nein,Nein,Nein,Nein
DESH_PR_0155,"Großer Plöner See, Ruhleben",See,30,Plön,10.44665896461545,54.14625634238721,Cyanobakterien (Blaualgen) und Zerkarien,Nein,Nein,Nein,Ja,Nein,Nein,Nein,Nein,Ja,Ja,Nein,Nein,Nein,Nein,Ja,Nein,Ja,Nein,Nein,Nein,Nein,Nein,Nein,Nein,Nein
DESH_PR_0156,"Vierer See, Boesdorf, Augstfelde",See,50,Plön,10.45231843890582,54.13229026258558,Cyanobakterien (Blaualgen) und Zerkarien,Nein,Nein,Nein,Ja,Nein,Nein,Nein,Ja,Ja,Ja,Nein,Nein,Nein,Nein,Ja,Nein,Nein,Nein,Ja,Nein,Nein,Nein,Nein,Nein,Nein
DESH_PR_0157,"Vierer See, Augstfelde",See,50,Plön,10.45704267946553,54.13395740876965,Cyanobakterien (Blaualgen) und Zerkarien,Nein,Nein,Nein,Ja,Nein,Nein,Nein,Ja,Ja,Ja,Nein,Nein,Nein,Nein,Ja,Nein,Nein,Nein,Nein,Nein,Ja,Nein,Nein,Nein,Nein
DESH_PR_0158,"Großer Plöner See, Musbergwiese",See,120,Plön,10.34661393993781,54.14937072191481,Cyanobakterien (Blaualgen) und Zerkarien,Nein,Nein,Nein,Ja,Nein,Nein,Nein,Ja,Ja,Nein,Nein,Nein,Nein,Nein,Ja,Ja,Ja,Nein,Nein,Nein,Nein,Nein,Nein,Nein,Nein
DESH_PR_0159,"Großer Plöner See, Dersau, Gemeindebadestelle",See,30,Plön,10.34467403786536,54.12039853237784,Cyanobakterien (Blaualgen) und Zerkarien,Nein,Nein,Nein,Ja,Nein,Nein,Nein,Ja,Nein,Nein,Nein,Nein,Nein,Nein,Nein,Nein,Nein,Nein,Nein,Nein,Nein,Nein,Nein,Nein,Nein
DESH_PR_0160,"Großer Plöner See, Dersau, Seeblick",See,200,Plön,10.337820977546,54.122857987386,Cyanobakterien (Blaualgen) und Zerkarien,Nein,Nein,Nein,Ja,Nein,Nein,Nein,Ja,Ja,Ja,Nein,Nein,Nein,Nein,Ja,Ja,Nein,Nein,Nein,Nein,Nein,Nein,Nein,Nein,Nein
DESH_PR_0161,"Großer Plöner See, Godau",See,25,Plön,10.395247205649,54.12367158827915,Cyanobakterien (Blaualgen) und Zerkarien,Nein,Nein,Nein,Ja,Nein,Nein,Nein,Nein,Ja,Ja,Nein,Nein,Nein,Nein,Ja,Nein,Nein,Nein,Nein,Nein,Nein,Ja,Nein,Nein,Nein
DESH_PR_0162,"Großer Plöner See, Pehmer Hörn",See,15,Plön,10.41121383453476,54.08521936543954,Cyanobakterien (Blaualgen) und Zerkarien,Nein,Nein,Nein,Ja,Nein,Nein,Nein,Nein,Ja,Ja,Nein,Nein,Nein,Nein,Ja,Nein,Nein,Nein,Ja,Nein,Ja,Nein,Nein,Nein,Nein
DESH_PR_0163,"Selenter See, Seekrug",See,10,Plön,10.51636450861613,54.29609784238797,Cyanobakterien (Blaualgen) und Zerkarien,Nein,Nein,Nein,Ja,Nein,Nein,Nein,Ja,Ja,Nein,Nein,Ja,Nein,Nein,Nein,Ja,Ja,Nein,Nein,Nein,Nein,Nein,Nein,Nein,Nein
DESH_PR_0164,"Selenter See, Pülsen",See,50,Plön,10.45464557177086,54.32297192965964,Cyanobakterien (Blaualgen) und Zerkarien,Nein,Nein,Nein,Ja,Nein,Nein,Nein,Ja,Ja,Nein,Nein,Ja,Nein,Nein,Nein,Ja,Nein,Nein,Nein,Nein,Nein,Nein,Nein,Ja,Nein
DESH_PR_0165,"Dobersdorfer See, Schlesen",See,40,Plön,10.32848943466861,54.32116962144603,Cyanobakterien (Blaualgen) und Zerkarien,Nein,Nein,Nein,Ja,Nein,Nein,Nein,Ja,Ja,Nein,Nein,Ja,Nein,Nein,Nein,Ja,Nein,Nein,Nein,Nein,Nein,Nein,Nein,Nein,Nein
DESH_PR_0166,"Selenter See, Grabensee",See,25,Plön,10.38491928241336,54.30571195759946,Cyanobakterien (Blaualgen) und Zerkarien,Nein,Nein,Nein,Ja,Nein,Nein,Nein,Ja,Ja,Nein,Nein,Ja,Nein,Nein,Nein,Ja,Nein,Nein,Nein,Nein,Nein,Nein,Nein,Nein,Nein
DESH_PR_0167,Selenter See Moltörp,See,60,Plön,10.4200463932564,54.30011414228503,Cyanobakterien (Blaualgen) und Zerkarien,Nein,Nein,Nein,Ja,Nein,Nein,Nein,Ja,Ja,Nein,Nein,Ja,Nein,Nein,Nein,Ja,Nein,Ja,Nein,Nein,Nein,Nein,Nein,Nein,Nein
DESH_PR_0168,"Selenter See, Bellin",See,350,Plön,10.477326848873,54.28522128892677,Cyanobakterien (Blaualgen) und Zerkarien,Nein,Nein,Nein,Ja,Nein,Nein,Nein,Nein,Ja,Nein,Nein,Ja,Nein,Nein,Nein,Nein,Ja,Ja,Nein,Nein,Nein,Nein,Nein,Nein,Nein
DESH_PR_0169,"Dobersdorfer See, Tökendorf",See,70,Plön,10.30145326355824,54.33311864405821,Cyanobakterien (Blaualgen) und Zerkarien,Nein,Nein,Nein,Ja,Nein,Nein,Nein,Nein,Ja,Nein,Nein,Ja,Nein,Nein,Nein,Ja,Nein,Nein,Nein,Nein,Nein,Nein,Nein,Nein,Ja
DESH_PR_0170,"Passader See, Stoltenberg",See,15,Plön,10.34594698230373,54.34669349124792,Cyanobakterien (Blaualgen) und Zerkarien,Nein,Nein,Nein,Ja,Nein,Nein,Nein,Nein,Ja,Nein,Nein,Nein,Nein,Nein,Nein,Ja,Nein,Nein,Nein,Nein,Nein,Nein,Nein,Nein,Nein
DESH_PR_0171,"Schluensee, Görnitz",See,7,Plön,10.47751180702016,54.19749659447554,Cyanobakterien (Blaualgen) und Zerkarien,Nein,Nein,Nein,Ja,Nein,Nein,Nein,Ja,Ja,Nein,Nein,Ja,Nein,Nein,Nein,Nein,Nein,Nein,Nein,Nein,Nein,Nein,Nein,Nein,Nein
DESH_PR_0172,"Grebiner See, Grebin",See,20,Plön,10.50006438591339,54.2034127201909,Cyanobakterien (Blaualgen) und Zerkarien,Nein,Nein,Nein,Ja,Nein,Nein,Nein,Ja,Ja,Nein,Nein,Nein,Nein,Nein,Nein,Nein,Nein,Nein,Nein,Nein,Nein,Nein,Nein,Nein,Nein
DESH_PR_0173,"Schluensee, Kossau",See,20,Plön,10.46581008448304,54.19050356980641,Cyanobakterien (Blaualgen) und Zerkarien,Nein,Nein,Nein,Ja,Nein,Nein,Nein,Ja,Ja,Nein,Nein,Ja,Nein,Nein,Nein,Nein,Nein,Nein,Nein,Nein,Nein,Nein,Nein,Nein,Nein
DESH_PR_0174,"Lanker See, Preetz",See,100,Plön,10.28381799285949,54.21951810950738,Cyanobakterien (Blaualgen) und Zerkarien,Nein,Nein,Nein,Ja,Nein,Nein,Nein,Nein,Ja,Nein,Nein,Ja,Nein,Nein,Nein,Ja,Nein,Nein,Nein,Nein,Nein,Nein,Nein,Nein,Ja
DESH_PR_0175,"Lanker See, Wahlstorf",See,35,Plön,10.32039541613568,54.21447734124064,Cyanobakterien (Blaualgen) und Zerkarien,Nein,Nein,Nein,Ja,Nein,Nein,Nein,Nein,Ja,Ja,Nein,Nein,Nein,Nein,Ja,Nein,Ja,Nein,Nein,Nein,Nein,Nein,Nein,Nein,Nein
DESH_PR_0176,"Belauer See, Perdöler Mühle",See,20,Plön,10.25353783446245,54.11213430609742,Cyanobakterien (Blaualgen) und Zerkarien,Nein,Nein,Nein,Ja,Nein,Nein,Nein,Ja,Ja,Ja,Nein,Nein,Nein,Nein,Ja,Ja,Nein,Nein,Nein,Nein,Nein,Nein,Nein,Nein,Nein
DESH_PR_0177,"Großer Plöner See, Schloss Ascheberg",See,10,Plön,10.34129637765724,54.13783360716783,Cyanobakterien (Blaualgen) und Zerkarien,Nein,Nein,Nein,Ja,Nein,Nein,Nein,Ja,Ja,Nein,Nein,Nein,Nein,Nein,Nein,Nein,Nein,Nein,Nein,Nein,Ja,Ja,Nein,Nein,Nein
DESH_PR_0178,Gemeindebadestelle Götheby an der Schlei,Küstengewässer,150,Rendsburg-Eckernförde,9.711102700541012,54.49414505704802,Cyanobakterien (Blaualgen),Nein,Nein,Nein,Ja,Nein,Nein,Nein,Ja,Ja,Nein,Nein,Ja,Nein,Nein,Nein,Nein,Nein,Nein,Nein,Nein,Nein,Nein,Nein,Nein,Nein
DESH_PR_0179,Badestelle Weseby an der Schlei,Küstengewässer,150,Rendsburg-Eckernförde,9.711421077364196,54.50590901632076,Cyanobakterien (Blaualgen),Nein,Nein,Nein,Ja,Nein,Nein,Ja,Nein,Ja,Nein,Nein,Ja,Nein,Nein,Nein,Nein,Nein,Nein,Nein,Nein,Nein,Nein,Nein,Nein,Nein
DESH_PR_0180,Campingplatz Wees in Missunde,Küstengewässer,30,Rendsburg-Eckernförde,9.725629445162372,54.52605035791645,Cyanobakterien (Blaualgen),Nein,Nein,Nein,Nein,Nein,Nein,Nein,Nein,Nein,Nein,Nein,Nein,Nein,Nein,Ja,Nein,Nein,Nein,Nein,Nein,Nein,Nein,Nein,Nein,Nein
DESH_PR_0181,Marina Hülsen an der Schlei,Küstengewässer,20,Rendsburg-Eckernförde,9.750292151561997,54.54810042313523,Cyanobakterien (Blaualgen),Nein,Nein,Nein,Ja,Nein,Nein,Ja,Nein,Nein,Nein,Nein,Nein,Nein,Nein,Nein,Nein,Nein,Nein,Nein,Nein,Nein,Nein,Nein,Nein,Nein
DESH_PR_0182,Gemeindebadestelle Langwedel am Lustsee,See,30,Rendsburg-Eckernförde,9.93891830294414,54.21907457989289,,Nein,Nein,Nein,Ja,Nein,Nein,Nein,Ja,Ja,Nein,Nein,Ja,Nein,Nein,Nein,Nein,Nein,Nein,Nein,Nein,Nein,Nein,Nein,Nein,Nein
DESH_PR_0183,Schönhagen an der Ostsee,Küstengewässer,1200,Rendsburg-Eckernförde,10.03262554291051,54.63628794142497,Cyanobakterien (Blaualgen) und Quallen,Nein,Nein,Nein,Nein,Ja,Nein,Nein,Nein,Ja,Ja,Nein,Nein,Ja,Nein,Nein,Nein,Ja,Nein,Nein,Nein,Nein,Nein,Nein,Nein,Nein
DESH_PR_0184,Campingplatz Schuby-Strand an der Ostsee,Küstengewässer,1050,Rendsburg-Eckernförde,10.02707922324177,54.59965666338829,Cyanobakterien (Blaualgen) und Quallen,Nein,Nein,Nein,Nein,Nein,Nein,Nein,Nein,Nein,Nein,Nein,Nein,Nein,Nein,Ja,Nein,Nein,Nein,Nein,Nein,Nein,Nein,Nein,Nein,Nein
DESH_PR_0185,Hauptstrand in Damp an der Ostsee,Küstengewässer,1350,Rendsburg-Eckernförde,10.02736638838821,54.58737950468389,Cyanobakterien (Blaualgen) und Quallen,Nein,Nein,Nein,Nein,Ja,Nein,Nein,Nein,Ja,Ja,Nein,Nein,Ja,Ja,Nein,Nein,Ja,Nein,Nein,Nein,Nein,Nein,Nein,Nein,Nein
DESH_PR_0186,Badestelle Fischlegerstrand an der Ostsee,Küstengewässer,1000,Rendsburg-Eckernförde,10.02712783987769,54.57413601737814,Cyanobakterien (Blaualgen) und Quallen,Nein,Nein,Nein,Nein,Ja,Nein,Ja,Nein,Ja,Ja,Nein,Ja,Nein,Nein,Nein,Nein,Nein,Nein,Nein,Nein,Nein,Nein,Nein,Nein,Nein
DESH_PR_0187,Ostseefreizeitpark Booknis an der Ostsee,Küstengewässer,400,Rendsburg-Eckernförde,10.02726984212864,54.56624286233239,Cyanobakterien (Blaualgen) und Quallen,Nein,Nein,Nein,Nein,Nein,Nein,Nein,Nein,Nein,Nein,Nein,Nein,Nein,Nein,Ja,Nein,Nein,Nein,Nein,Nein,Nein,Nein,Nein,Nein,Nein
DESH_PR_0188,Campingplatz Hökholz/Ritenrade an der Ostsee,Küstengewässer,800,Rendsburg-Eckernförde,10.01223290463986,54.54201498839719,Cyanobakterien (Blaualgen) und Quallen,Nein,Nein,Nein,Ja,Nein,Nein,Nein,Nein,Nein,Nein,Nein,Nein,Nein,Nein,Ja,Nein,Nein,Nein,Nein,Nein,Nein,Nein,Nein,Nein,Nein
DESH_PR_0189,Campingplatz Heide in Waabs an der Ostsee,Küstengewässer,700,Rendsburg-Eckernförde,10.0070036119328,54.53199318767962,Cyanobakterien (Blaualgen) und Quallen,Nein,Nein,Nein,Nein,Ja,Nein,Nein,Nein,Nein,Nein,Nein,Nein,Nein,Nein,Ja,Nein,Ja,Nein,Nein,Nein,Nein,Nein,Nein,Nein,Nein
DESH_PR_0190,Badestelle Klein-Waabs an der Ostsee,Küstengewässer,500,Rendsburg-Eckernförde,10.00213253405891,54.5264633872123,Cyanobakterien (Blaualgen) und Quallen,Nein,Nein,Nein,Nein,Ja,Nein,Ja,Nein,Ja,Nein,Nein,Ja,Nein,Nein,Nein,Ja,Nein,Ja,Nein,Nein,Nein,Nein,Nein,Nein,Ja
DESH_PR_0191,Badestelle Langholz an der Ostsee,Küstengewässer,500,Rendsburg-Eckernförde,9.988699898456654,54.517369551306,Cyanobakterien (Blaualgen) und Quallen,Nein,Nein,Nein,Nein,Ja,Nein,Nein,Nein,Ja,Nein,Nein,Ja,Nein,Nein,Nein,Ja,Ja,Nein,Nein,Nein,Nein,Nein,Nein,Ja,Nein
DESH_PR_0192,Campingplatz in Langholz an der Ostsee,Küstengewässer,600,Rendsburg-Eckernförde,9.982530768079917,54.51332099757313,Cyanobakterien (Blaualgen) und Quallen,Nein,Nein,Nein,Ja,Nein,Nein,Nein,Nein,Nein,Nein,Nein,Nein,Nein,Nein,Ja,Nein,Ja,Nein,Nein,Nein,Nein,Nein,Nein,Nein,Nein
DESH_PR_0193,Campingplatz Lehmberg an der Ostsee,Küstengewässer,800,Rendsburg-Eckernförde,9.973931349107538,54.50978788686707,,Nein,Nein,Nein,Nein,Nein,Nein,Nein,Nein,Nein,Nein,Nein,Nein,Nein,Nein,Ja,Nein,Nein,Ja,Nein,Nein,Nein,Nein,Nein,Nein,Nein
DESH_PR_0194,Campingplatz Ludwigsburg an der Ostsee,Küstengewässer,800,Rendsburg-Eckernförde,9.95650956052936,54.50204296629202,Cyanobakterien (Blaualgen) und Quallen,Nein,Nein,Nein,Nein,Nein,Nein,Nein,Nein,Nein,Nein,Nein,Nein,Nein,Nein,Ja,Nein,Ja,Ja,Nein,Nein,Nein,Nein,Nein,Nein,Nein
DESH_PR_0195,Campingplatz Karlsminde an der Ostsee,Küstengewässer,2000,Rendsburg-Eckernförde,9.939731742060912,54.49508873747623,Cyanobakterien (Blaualgen) und Quallen,Nein,Nein,Nein,Nein,Nein,Nein,Nein,Nein,Nein,Nein,Nein,Nein,Nein,Nein,Ja,Nein,Ja,Ja,Nein,Nein,Nein,Nein,Nein,Nein,Nein
DESH_PR_0196,Campingplatz Hohenstein an der Ostsee,Küstengewässer,100,Rendsburg-Eckernförde,9.92316471859278,54.491550740482,Cyanobakterien (Blaualgen) und Quallen,Nein,Nein,Nein,Nein,Nein,Nein,Nein,Nein,Nein,Nein,Nein,Nein,Nein,Nein,Ja,Nein,Nein,Nein,Nein,Nein,Nein,Nein,Nein,Nein,Nein
DESH_PR_0197,Campingplatz Hemmelmark an der Ostsee,Küstengewässer,800,Rendsburg-Eckernförde,9.881486585308888,54.47785831021877,Cyanobakterien (Blaualgen) und Quallen,Nein,Nein,Nein,Nein,Nein,Nein,Nein,Nein,Nein,Nein,Nein,Nein,Nein,Nein,Ja,Nein,Nein,Nein,Nein,Nein,Nein,Nein,Nein,Nein,Nein
DESH_PR_0198,Badestelle Borby in Eckernförde/Ostsee,Küstengewässer,200,Rendsburg-Eckernförde,9.849113111668885,54.47848537189323,Cyanobakterien (Blaualgen) und Quallen,Nein,Nein,Nein,Ja,Nein,Nein,Nein,Nein,Ja,Nein,Nein,Ja,Nein,Nein,Nein,Nein,Nein,Nein,Nein,Nein,Nein,Nein,Nein,Nein,Nein
DESH_PR_0199,"Badestelle ""Am Dang"" in Eckernförde/Ostsee",Küstengewässer,400,Rendsburg-Eckernförde,9.841838573265075,54.47120066671121,Cyanobakterien (Blaualgen) und Quallen,Nein,Nein,Nein,Nein,Ja,Nein,Nein,Nein,Ja,Nein,Nein,Nein,Ja,Ja,Nein,Nein,Ja,Nein,Nein,Nein,Nein,Nein,Nein,Nein,Nein
DESH_PR_0200,Hauptstrand in Eckernförde/Ostsee,Küstengewässer,400,Rendsburg-Eckernförde,9.843950782685662,54.4643456617408,Cyanobakterien (Blaualgen) und Quallen,Nein,Nein,Nein,Nein,Ja,Nein,Nein,Nein,Ja,Ja,Nein,Nein,Ja,Ja,Nein,Nein,Ja,Nein,Nein,Nein,Nein,Nein,Nein,Nein,Nein
DESH_PR_0201,Badestelle Krusendorf-Jellenbek an der Ostsee,Küstengewässer,100,Rendsburg-Eckernförde,10.04764607948806,54.47880653671453,Cyanobakterien (Blaualgen) und Quallen,Nein,Nein,Nein,Ja,Nein,Nein,Ja,Nein,Nein,Nein,Nein,Nein,Ja,Nein,Nein,Nein,Nein,Nein,Nein,Nein,Nein,Nein,Nein,Nein,Nein
DESH_PR_0203,Badestelle Stohl an der Ostsee,Küstengewässer,500,Rendsburg-Eckernförde,10.15340054149283,54.47887796362322,Cyanobakterien (Blaualgen) und Quallen,Nein,Nein,Nein,Ja,Nein,Nein,Ja,Nein,Ja,Nein,Nein,Nein,Ja,Nein,Nein,Nein,Nein,Nein,Nein,Nein,Nein,Nein,Nein,Nein,Nein
DESH_PR_0204,Campingplatz Lindhöft an der Ostsee,Küstengewässer,300,Rendsburg-Eckernförde,9.9477750370917,54.465410308479,Cyanobakterien (Blaualgen) und Quallen,Nein,Nein,Nein,Ja,Nein,Nein,Nein,Nein,Ja,Nein,Nein,Nein,Ja,Nein,Ja,Nein,Nein,Nein,Nein,Nein,Nein,Nein,Nein,Nein,Nein
DESH_PR_0205,Zeltgemeinschaft Noer an der Ostsee,Küstengewässer,1000,Rendsburg-Eckernförde,10.00557073052647,54.47244462164996,Cyanobakterien (Blaualgen) und Quallen,Nein,Nein,Nein,Ja,Nein,Nein,Nein,Nein,Ja,Nein,Nein,Ja,Nein,Nein,Ja,Nein,Nein,Nein,Nein,Nein,Nein,Nein,Nein,Nein,Nein
DESH_PR_0206,Campingplatz Grönwohld (Schwedeneck) an der Ostsee,Küstengewässer,750,Rendsburg-Eckernförde,10.03291189611755,54.47737462142524,Cyanobakterien (Blaualgen) und Quallen,Nein,Nein,Nein,Nein,Nein,Nein,Nein,Nein,Nein,Nein,Nein,Nein,Ja,Nein,Ja,Nein,Ja,Ja,Nein,Nein,Nein,Nein,Nein,Nein,Nein
DESH_PR_0207,Kurstrand in Surendorf an der Ostsee,Küstengewässer,610,Rendsburg-Eckernförde,10.07609626336267,54.48181068236259,Cyanobakterien (Blaualgen) und Quallen,Nein,Nein,Nein,Nein,Ja,Nein,Nein,Nein,Ja,Ja,Nein,Nein,Nein,Ja,Ja,Nein,Ja,Nein,Nein,Nein,Nein,Nein,Nein,Nein,Nein
DESH_PR_0208,"Badestelle Eckernholm, Hohenhain an der Ostsee",Küstengewässer,600,Rendsburg-Eckernförde,10.09985568450082,54.48405808470662,Cyanobakterien (Blaualgen) und Quallen,Nein,Nein,Nein,Ja,Nein,Nein,Nein,Nein,Ja,Nein,Nein,Nein,Ja,Nein,Nein,Nein,Nein,Nein,Nein,Nein,Nein,Nein,Nein,Nein,Nein
DESH_PR_0209,Badestelle Dänisch-Nienhof an der Ostsee,Küstengewässer,610,Rendsburg-Eckernförde,10.12234005993975,54.48666682253443,Cyanobakterien (Blaualgen) und Quallen,Nein,Nein,Nein,Nein,Ja,Nein,Nein,Nein,Ja,Nein,Nein,Ja,Nein,Nein,Nein,Nein,Ja,Nein,Nein,Nein,Nein,Nein,Nein,Nein,Nein
DESH_PR_0210,Ostseebad Strande - Kurstrand,Küstengewässer,500,Rendsburg-Eckernförde,10.17904018987576,54.44075165779976,Cyanobakterien (Blaualgen) und Quallen,Nein,Nein,Nein,Nein,Ja,Nein,Nein,Nein,Ja,Nein,Nein,Nein,Ja,Ja,Nein,Nein,Nein,Nein,Nein,Nein,Nein,Nein,Nein,Nein,Nein
DESH_PR_0211,Gemeindebadestelle Kosel am Bültsee,See,50,Rendsburg-Eckernförde,9.751906951988216,54.49838543375409,,Nein,Nein,Nein,Ja,Nein,Nein,Nein,Ja,Ja,Nein,Nein,Ja,Nein,Nein,Nein,Nein,Nein,Nein,Nein,Nein,Nein,Nein,Nein,Nein,Nein
DESH_PR_0212,Gemeindebadestelle am Großen Schnaaper See,See,30,Rendsburg-Eckernförde,9.784623979048297,54.4882760289744,,Nein,Nein,Nein,Ja,Nein,Nein,Nein,Ja,Ja,Nein,Nein,Ja,Nein,Nein,Nein,Nein,Nein,Nein,Nein,Nein,Nein,Nein,Nein,Nein,Nein
DESH_PR_0213,Badestelle Owschlag am Owschlager See,See,80,Rendsburg-Eckernförde,9.61183511833022,54.38577645778575,Zerkarien,Nein,Nein,Nein,Ja,Nein,Nein,Nein,Ja,Ja,Nein,Nein,Ja,Nein,Nein,Nein,Nein,Nein,Nein,Nein,Nein,Nein,Nein,Nein,Nein,Ja
DESH_PR_0214,Badestelle in Ahlefeld-Bistensee am Bistensee,See,30,Rendsburg-Eckernförde,9.697681570685862,54.39945492149641,,Nein,Nein,Nein,Ja,Nein,Nein,Nein,Ja,Ja,Nein,Nein,Ja,Nein,Nein,Nein,Nein,Ja,Nein,Nein,Nein,Nein,Nein,Nein,Nein,Nein
DESH_PR_0215,Campingplatz am Bistensee,See,10,Rendsburg-Eckernförde,9.696474892101817,54.39396897437412,,Nein,Nein,Nein,Nein,Nein,Nein,Nein,Nein,Nein,Nein,Nein,Nein,Nein,Nein,Ja,Nein,Nein,Nein,Nein,Nein,Nein,Nein,Nein,Nein,Nein
DESH_PR_0216,Gemeindebadestelle Holtsee,See,45,Rendsburg-Eckernförde,9.85338270820793,54.40217719027362,,Nein,Nein,Nein,Ja,Nein,Nein,Nein,Ja,Ja,Nein,Nein,Ja,Nein,Nein,Nein,Nein,Nein,Nein,Nein,Nein,Nein,Nein,Nein,Nein,Nein
DESH_PR_0217,Wittensee Gemeindebadestelle Habyer Str.,See,80,Rendsburg-Eckernförde,9.78441617389234,54.40431633371337,Cyanobakterien (Blaualgen) und Zerkarien,Nein,Nein,Nein,Ja,Nein,Nein,Nein,Ja,Ja,Nein,Nein,Ja,Nein,Nein,Nein,Ja,Nein,Nein,Nein,Nein,Nein,Nein,Nein,Nein,Nein
DESH_PR_0219,Badestelle in Bünsdorf am Wittensee,See,60,Rendsburg-Eckernförde,9.74562815188984,54.37246353711752,Cyanobakterien (Blaualgen) und Zerkarien,Nein,Nein,Nein,Ja,Nein,Nein,Nein,Ja,Ja,Nein,Nein,Ja,Nein,Nein,Nein,Ja,Nein,Nein,Nein,Nein,Nein,Nein,Nein,Nein,Ja
DESH_PR_0220,Badestelle Seegarten in Groß Wittensee,See,15,Rendsburg-Eckernförde,9.771073015541928,54.40348535072119,Cyanobakterien (Blaualgen) und Zerkarien,Nein,Nein,Nein,Ja,Nein,Nein,Nein,Ja,Ja,Nein,Nein,Ja,Nein,Nein,Nein,Ja,Nein,Nein,Nein,Nein,Nein,Nein,Nein,Nein,Nein
DESH_PR_0221,Badestelle in Borgstedt an der Borgstedter Enge,Fließgewässer,45,Rendsburg-Eckernförde,9.713991748664723,54.33533292580668,,Nein,Nein,Nein,Ja,Nein,Nein,Nein,Ja,Ja,Nein,Nein,Ja,Nein,Nein,Nein,Nein,Nein,Nein,Nein,Nein,Nein,Nein,Nein,Nein,Nein
DESH_PR_0222,Badestelle in Schacht-Audorf am Dörpsee,See,50,Rendsburg-Eckernförde,9.747593590654066,54.31023182996555,,Nein,Nein,Nein,Nein,Ja,Nein,Nein,Ja,Ja,Nein,Nein,Ja,Nein,Nein,Nein,Nein,Nein,Nein,Nein,Nein,Nein,Nein,Nein,Nein,Nein
DESH_PR_0223,Badeanstalt Westerrönfeld,See,100,Rendsburg-Eckernförde,9.65818856991217,54.28905359137089,,Nein,Nein,Nein,Nein,Ja,Ja,Nein,Ja,Ja,Ja,Ja,Ja,Nein,Nein,Nein,Nein,Nein,Ja,Nein,Nein,Nein,Nein,Nein,Nein,Nein
DESH_PR_0224,Gemeindebadestelle Achterwehr am Ahrensee,See,100,Rendsburg-Eckernförde,9.984772334056586,54.30547210484096,,Nein,Nein,Nein,Ja,Nein,Nein,Nein,Ja,Ja,Nein,Nein,Ja,Nein,Nein,Nein,Nein,Nein,Nein,Nein,Nein,Nein,Nein,Nein,Nein,Nein
DESH_PR_0225,Gemeindebadestelle Wulfsfelde am Westensee,See,15,Rendsburg-Eckernförde,9.95344544880005,54.29997342619054,Zerkarien,Nein,Nein,Nein,Ja,Nein,Nein,Nein,Ja,Ja,Nein,Nein,Ja,Nein,Nein,Nein,Nein,Nein,Nein,Nein,Nein,Nein,Nein,Nein,Nein,Nein
DESH_PR_0226,Gemeindebadestelle am Bossee,See,100,Rendsburg-Eckernförde,9.917139675990004,54.29236162825214,Zerkarien,Nein,Nein,Nein,Ja,Nein,Nein,Nein,Ja,Ja,Nein,Nein,Ja,Nein,Nein,Nein,Nein,Nein,Nein,Nein,Nein,Nein,Nein,Nein,Nein,Nein
DESH_PR_0227,Gemeindebadestelle Westensee am Westensee,See,30,Rendsburg-Eckernförde,9.903562734379062,54.27861219424582,Zerkarien,Nein,Nein,Nein,Ja,Nein,Nein,Nein,Ja,Ja,Nein,Nein,Ja,Nein,Nein,Nein,Nein,Ja,Nein,Nein,Nein,Nein,Nein,Nein,Nein,Nein
DESH_PR_0228,Gemeindebadestelle in Wrohe am Westensee,See,20,Rendsburg-Eckernförde,9.962325162121438,54.27047416170781,Zerkarien,Nein,Nein,Nein,Ja,Nein,Nein,Nein,Ja,Ja,Nein,Nein,Ja,Nein,Nein,Nein,Nein,Ja,Nein,Nein,Nein,Nein,Nein,Nein,Nein,Nein
DESH_PR_0229,Badestelle Hohenhude am Westensee,See,10,Rendsburg-Eckernförde,9.98082347630712,54.28424727595841,Zerkarien,Nein,Nein,Nein,Ja,Nein,Nein,Nein,Ja,Nein,Nein,Nein,Ja,Nein,Nein,Nein,Nein,Nein,Nein,Nein,Nein,Nein,Nein,Nein,Nein,Nein
DESH_PR_0230,Badestelle am Schierensee,See,20,Rendsburg-Eckernförde,9.985083030797364,54.26405217163276,Zerkarien,Nein,Nein,Nein,Ja,Nein,Nein,Ja,Nein,Ja,Nein,Nein,Ja,Nein,Nein,Nein,Nein,Nein,Nein,Nein,Nein,Nein,Nein,Nein,Nein,Nein
DESH_PR_0231,Badestelle in Emkendorf am Dörpsee,See,100,Rendsburg-Eckernförde,9.857671739686602,54.25867001152336,,Nein,Nein,Nein,Ja,Nein,Nein,Nein,Ja,Ja,Nein,Nein,Ja,Nein,Nein,Nein,Nein,Nein,Ja,Nein,Nein,Nein,Nein,Nein,Nein,Nein
DESH_PR_0232,Badestelle Groß Vollstedt am Vollstedter See,See,30,Rendsburg-Eckernförde,9.860605838513768,54.24280891306581,,Nein,Nein,Nein,Ja,Nein,Nein,Nein,Ja,Ja,Nein,Nein,Ja,Nein,Nein,Nein,Ja,Nein,Nein,Nein,Nein,Nein,Nein,Nein,Nein,Ja
DESH_PR_0233,Badestelle Enkendorf am Pohlsee,See,20,Rendsburg-Eckernförde,9.935181352082289,54.23882002652619,Zerkarien,Nein,Nein,Nein,Ja,Nein,Nein,Nein,Ja,Ja,Nein,Nein,Ja,Nein,Nein,Nein,Nein,Nein,Nein,Nein,Nein,Nein,Nein,Nein,Nein,Nein
DESH_PR_0234,Badestelle Fischersiedlung am Brahmsee,See,20,Rendsburg-Eckernförde,9.916629704781805,54.21603160266527,,Nein,Nein,Nein,Ja,Nein,Nein,Nein,Ja,Nein,Nein,Nein,Ja,Nein,Nein,Nein,Nein,Ja,Nein,Nein,Nein,Nein,Nein,Nein,Nein,Nein
DESH_PR_0235,Badestelle Warder am Wardersee,See,30,Rendsburg-Eckernförde,9.883188767016756,54.214142687316,Cyanobakterien (Blaualgen),Nein,Nein,Nein,Ja,Nein,Nein,Nein,Ja,Ja,Nein,Nein,Ja,Nein,Nein,Nein,Nein,Ja,Nein,Nein,Nein,Nein,Nein,Nein,Nein,Nein
DESH_PR_0236,Badestelle Eisendorf am Brahmsee,See,20,Rendsburg-Eckernförde,9.893124782209444,54.19995143073761,,Nein,Nein,Nein,Ja,Nein,Nein,Nein,Ja,Nein,Nein,Nein,Ja,Nein,Nein,Nein,Nein,Nein,Nein,Nein,Nein,Nein,Nein,Nein,Nein,Nein
DESH_PR_0237,Badestelle des Campingplatz BUM am Borgdorfer See,See,15,Rendsburg-Eckernförde,9.8873870280209,54.18337765388544,Cyanobakterien (Blaualgen),Nein,Nein,Nein,Ja,Nein,Nein,Nein,Nein,Nein,Nein,Nein,Nein,Nein,Nein,Ja,Nein,Nein,Nein,Nein,Nein,Nein,Nein,Nein,Nein,Nein
DESH_PR_0238,Badeanstalt des TuS Nortorf am Borgdorfer See,See,40,Rendsburg-Eckernförde,9.881163101444065,54.17535927765156,Cyanobakterien (Blaualgen),Nein,Nein,Nein,Nein,Ja,Ja,Nein,Ja,Ja,Ja,Nein,Ja,Nein,Nein,Nein,Nein,Nein,Ja,Nein,Nein,Nein,Nein,Nein,Nein,Nein
DESH_PR_0239,Badeanstalt Bordesholm am Bordesholmer See,See,100,Rendsburg-Eckernförde,10.02383947726875,54.17479803057817,Cyanobakterien (Blaualgen) und Zerkarien,Ja,Nein,Nein,Ja,Ja,Nein,Nein,Ja,Ja,Ja,Nein,Nein,Nein,Nein,Nein,Nein,Ja,Nein,Nein,Nein,Nein,Nein,Nein,Nein,Nein
DESH_PR_0240,Campingplatz Padenstedt am Forellensee,See,200,Rendsburg-Eckernförde,9.92560294951178,54.04773195813714,,Nein,Nein,Nein,Ja,Nein,Ja,Nein,Nein,Nein,Nein,Nein,Nein,Nein,Nein,Ja,Nein,Nein,Nein,Nein,Nein,Nein,Nein,Nein,Nein,Nein
DESH_PR_0241,Badestelle des ev. Waldheims am Brahmsee,See,50,Rendsburg-Eckernförde,9.904348668730195,54.20175994663951,,Nein,Nein,Nein,Ja,Nein,Nein,Nein,Nein,Nein,Nein,Nein,Nein,Nein,Nein,Nein,Nein,Nein,Nein,Nein,Nein,Nein,Nein,Nein,Nein,Nein
DESH_PR_0243,Damp Südstrand,Küstengewässer,100,Rendsburg-Eckernförde,10.02690494291278,54.58250624038237,Cyanobakterien (Blaualgen) und Quallen,Nein,Nein,Nein,Ja,Nein,Nein,Ja,Nein,Ja,Nein,Nein,Nein,Ja,Nein,Nein,Nein,Nein,Nein,Nein,Nein,Ja,Nein,Nein,Ja,Nein
DESH_PR_0244,Eckernförde Südstrand,Küstengewässer,1600,Rendsburg-Eckernförde,9.859154343074854,54.45204112549282,Cyanobakterien (Blaualgen) und Quallen,Nein,Nein,Nein,Nein,Ja,Nein,Nein,Nein,Ja,Ja,Nein,Nein,Ja,Ja,Nein,Nein,Ja,Nein,Nein,Nein,Nein,Nein,Nein,Nein,Nein
DESH_PR_0245,Ostseebad Strande - Südstrand,Küstengewässer,150,Rendsburg-Eckernförde,10.17027241078519,54.4361356690892,Cyanobakterien (Blaualgen) und Quallen,Nein,Nein,Nein,Ja,Nein,Nein,Ja,Nein,Nein,Nein,Nein,Nein,Ja,Nein,Nein,Nein,Nein,Nein,Nein,Nein,Nein,Nein,Nein,Nein,Nein
DESH_PR_0247,"Einfelder See, Mühbrook",See,10,Rendsburg-Eckernförde,10.00916790081285,54.15595292439742,Cyanobakterien (Blaualgen) und Zerkarien,Nein,Nein,Nein,Ja,Nein,Nein,Nein,Ja,Ja,Nein,Nein,Nein,Nein,Nein,Nein,Nein,Nein,Nein,Nein,Nein,Nein,Nein,Nein,Nein,Nein
DESH_PR_0248,Jugendzeltlager Weseby,Küstengewässer,50,Rendsburg-Eckernförde,9.714109928294643,54.49871324008876,,Nein,Nein,Nein,Nein,Ja,Nein,Nein,Nein,Ja,Ja,Nein,Nein,Nein,Nein,Nein,Nein,Nein,Nein,Nein,Nein,Nein,Nein,Nein,Nein,Nein
DESH_PR_0249,Wassersleben,Küstengewässer,500,Schleswig-Flensburg,9.421554480481426,54.82844491559835,Cyanobakterien (Blaualgen) und Quallen,Nein,Nein,Nein,Nein,Nein,Nein,Ja,Ja,Ja,Ja,Nein,Ja,Ja,Nein,Nein,Ja,Nein,Ja,Nein,Nein,Nein,Nein,Nein,Nein,Nein
DESH_PR_0250,Glücksburger Strand,Küstengewässer,500,Schleswig-Flensburg,9.531303175826238,54.84334984385718,Cyanobakterien (Blaualgen) und Quallen,Nein,Nein,Nein,Nein,Nein,Ja,Nein,Ja,Ja,Ja,Nein,Ja,Nein,Ja,Nein,Ja,Ja,Ja,Nein,Nein,Nein,Nein,Nein,Nein,Nein
DESH_PR_0251,Holnis Drei,Küstengewässer,1000,Schleswig-Flensburg,9.596325708582032,54.86281970238116,Cyanobakterien (Blaualgen) und Quallen,Nein,Nein,Nein,Nein,Nein,Nein,Nein,Nein,Ja,Ja,Nein,Nein,Ja,Ja,Ja,Ja,Ja,Nein,Nein,Nein,Nein,Nein,Nein,Nein,Ja
DESH_PR_0252,Bockholmwik,Küstengewässer,100,Schleswig-Flensburg,9.612310610124371,54.83149043334287,Cyanobakterien (Blaualgen) und Quallen,Nein,Nein,Nein,Ja,Nein,Nein,Ja,Nein,Ja,Nein,Nein,Ja,Nein,Nein,Nein,Nein,Ja,Ja,Nein,Nein,Nein,Nein,Nein,Nein,Nein
DESH_PR_0253,Langballigau,Küstengewässer,200,Schleswig-Flensburg,9.659746805394413,54.82460732439418,Cyanobakterien (Blaualgen) und Quallen,Nein,Nein,Nein,Nein,Nein,Nein,Nein,Nein,Ja,Ja,Nein,Ja,Nein,Ja,Nein,Ja,Nein,Nein,Nein,Nein,Nein,Nein,Ja,Ja,Ja
DESH_PR_0254,Westerholz,Küstengewässer,100,Schleswig-Flensburg,9.675399937136094,54.82145825274436,Cyanobakterien (Blaualgen) und Quallen,Nein,Nein,Nein,Nein,Nein,Nein,Ja,Nein,Nein,Ja,Nein,Ja,Nein,Nein,Nein,Ja,Ja,Ja,Nein,Nein,Nein,Nein,Nein,Nein,Nein
DESH_PR_0255,Habernis,Küstengewässer,70,Schleswig-Flensburg,9.776176980736755,54.7973283866918,Cyanobakterien (Blaualgen) und Quallen,Nein,Nein,Nein,Ja,Nein,Nein,Ja,Nein,Ja,Nein,Nein,Ja,Nein,Nein,Nein,Ja,Nein,Nein,Nein,Nein,Nein,Nein,Nein,Nein,Nein
DESH_PR_0256,Wackerballig,Küstengewässer,150,Schleswig-Flensburg,9.879408621365084,54.75937619631817,Cyanobakterien (Blaualgen) und Quallen,Nein,Nein,Nein,Ja,Nein,Nein,Ja,Nein,Ja,Ja,Nein,Ja,Nein,Nein,Nein,Ja,Nein,Ja,Nein,Nein,Nein,Nein,Nein,Nein,Nein
DESH_PR_0257,Schleimünde,Küstengewässer,100,Schleswig-Flensburg,10.03656245579035,54.67819527650494,Cyanobakterien (Blaualgen) und Quallen,Nein,Nein,Nein,Ja,Nein,Nein,Ja,Nein,Ja,Ja,Nein,Nein,Nein,Nein,Nein,Nein,Ja,Nein,Nein,Nein,Nein,Nein,Nein,Nein,Ja
DESH_PR_0258,Weidefeld,Küstengewässer,600,Schleswig-Flensburg,10.03269426895814,54.65295014714473,Cyanobakterien (Blaualgen) und Quallen,Nein,Nein,Nein,Nein,Nein,Nein,Nein,Nein,Ja,Ja,Ja,Nein,Ja,Nein,Nein,Ja,Nein,Ja,Nein,Nein,Nein,Nein,Ja,Ja,Nein
DESH_PR_0259,"Schlei, Arnis",Küstengewässer,200,Schleswig-Flensburg,9.928070713087791,54.62910708423271,Zerkarien,Nein,Nein,Nein,Nein,Nein,Nein,Ja,Nein,Ja,Nein,Nein,Nein,Nein,Nein,Nein,Ja,Ja,Nein,Nein,Nein,Nein,Nein,Nein,Nein,Nein
DESH_PR_0260,"Schlei, Lindaunis",Küstengewässer,200,Schleswig-Flensburg,9.829714424673234,54.59398209894891,Zerkarien,Nein,Nein,Nein,Ja,Nein,Nein,Ja,Nein,Ja,Nein,Nein,Ja,Nein,Nein,Nein,Nein,Nein,Nein,Nein,Nein,Nein,Nein,Nein,Nein,Nein
DESH_PR_0261,"Schlei, Lindaukamp",Küstengewässer,261,Schleswig-Flensburg,9.813345905113056,54.58181141368554,Zerkarien,Nein,Nein,Nein,Ja,Nein,Nein,Ja,Nein,Ja,Nein,Nein,Ja,Nein,Nein,Nein,Nein,Nein,Nein,Nein,Nein,Nein,Nein,Nein,Nein,Nein
DESH_PR_0262,"Schlei, Hagab",Küstengewässer,50,Schleswig-Flensburg,9.765497783700534,54.571105334981,Zerkarien,Nein,Nein,Nein,Ja,Nein,Nein,Ja,Ja,Ja,Nein,Nein,Ja,Nein,Nein,Nein,Nein,Nein,Nein,Nein,Nein,Nein,Nein,Nein,Nein,Nein
DESH_PR_0263,"Schlei, Hellör",Küstengewässer,25,Schleswig-Flensburg,9.736444309576312,54.5357086831055,Zerkarien,Nein,Nein,Nein,Ja,Nein,Nein,Ja,Ja,Ja,Nein,Nein,Ja,Nein,Nein,Nein,Nein,Nein,Nein,Nein,Nein,Nein,Nein,Nein,Nein,Nein
DESH_PR_0264,"Schlei, Brodersby",Küstengewässer,250,Schleswig-Flensburg,9.701518292312196,54.52726388704217,Zerkarien,Nein,Nein,Nein,Ja,Nein,Nein,Ja,Nein,Ja,Ja,Nein,Ja,Nein,Nein,Nein,Nein,Nein,Nein,Nein,Nein,Ja,Nein,Nein,Nein,Nein
DESH_PR_0265,"Schlei, Winningmay",Küstengewässer,65,Schleswig-Flensburg,9.63267185517858,54.52996669890143,Zerkarien,Nein,Nein,Nein,Ja,Nein,Nein,Ja,Nein,Ja,Nein,Nein,Ja,Nein,Nein,Nein,Nein,Ja,Nein,Nein,Nein,Ja,Nein,Nein,Nein,Nein
DESH_PR_0266,"Schlei, Schleswig Luisenbad",Küstengewässer,100,Schleswig-Flensburg,9.55990447526464,54.51263246348916,Zerkarien,Nein,Nein,Nein,Nein,Ja,Nein,Nein,Ja,Ja,Ja,Ja,Ja,Nein,Nein,Nein,Ja,Ja,Nein,Nein,Nein,Nein,Nein,Nein,Nein,Nein
DESH_PR_0267,"Schlei, Fahrdorf",Küstengewässer,45,Schleswig-Flensburg,9.601451264522074,54.50803790303183,Zerkarien,Nein,Nein,Nein,Ja,Nein,Nein,Ja,Nein,Ja,Ja,Nein,Ja,Nein,Nein,Nein,Ja,Nein,Nein,Nein,Nein,Nein,Nein,Nein,Nein,Nein
DESH_PR_0268,"Schlei, Borgwedel",Küstengewässer,150,Schleswig-Flensburg,9.673471537208345,54.49926978276171,Zerkarien,Nein,Nein,Nein,Ja,Nein,Nein,Ja,Ja,Nein,Nein,Nein,Nein,Nein,Nein,Nein,Nein,Nein,Ja,Nein,Nein,Ja,Nein,Nein,Nein,Nein
DESH_PR_0269,"Schlei, Selker Noor",Küstengewässer,10,Schleswig-Flensburg,9.584137727142636,54.4837777513983,Zerkarien,Nein,Nein,Nein,Nein,Nein,Nein,Nein,Nein,Nein,Nein,Nein,Ja,Nein,Nein,Nein,Nein,Nein,Nein,Ja,Nein,Nein,Ja,Nein,Nein,Nein
DESH_PR_0270,"Schlei, Niederselk",Küstengewässer,100,Schleswig-Flensburg,9.583964379784806,54.48070906153266,Zerkarien,Nein,Nein,Nein,Ja,Nein,Nein,Ja,Ja,Ja,Nein,Nein,Ja,Nein,Nein,Nein,Nein,Nein,Nein,Nein,Nein,Nein,Nein,Nein,Nein,Nein
DESH_PR_0271,"Alte Sorge, Meggerdorf",Fließgewässer,50,Schleswig-Flensburg,9.37644921665856,54.33248230751735,Zerkarien,Nein,Nein,Nein,Ja,Nein,Nein,Ja,Nein,Ja,Nein,Nein,Ja,Nein,Nein,Nein,Nein,Nein,Nein,Nein,Nein,Nein,Nein,Nein,Nein,Nein
DESH_PR_0272,"Eider, Bargen",Fließgewässer,30,Schleswig-Flensburg,9.274427866123856,54.30117582037848,Zerkarien,Nein,Nein,Nein,Ja,Nein,Nein,Ja,Nein,Ja,Ja,Nein,Ja,Nein,Nein,Ja,Ja,Ja,Nein,Nein,Nein,Nein,Nein,Nein,Nein,Nein
DESH_PR_0273,"Eider, Süderstapel",Fließgewässer,100,Schleswig-Flensburg,9.227652736951905,54.34910236229209,Zerkarien,Nein,Nein,Nein,Ja,Nein,Nein,Ja,Nein,Ja,Ja,Nein,Ja,Nein,Nein,Nein,Ja,Nein,Nein,Nein,Nein,Nein,Nein,Nein,Ja,Nein
DESH_PR_0274,"Langsee, Brekling",See,20,Schleswig-Flensburg,9.60109496637364,54.58493259542303,Zerkarien,Nein,Nein,Nein,Ja,Nein,Nein,Ja,Nein,Nein,Nein,Nein,Ja,Nein,Nein,Nein,Nein,Nein,Nein,Nein,Nein,Nein,Nein,Nein,Nein,Nein
DESH_PR_0275,"Idstedter See, Idstedt",See,30,Schleswig-Flensburg,9.521004799361036,54.58590650138213,Zerkarien,Nein,Nein,Nein,Ja,Nein,Nein,Ja,Ja,Ja,Ja,Nein,Ja,Nein,Nein,Nein,Nein,Nein,Nein,Nein,Nein,Nein,Nein,Nein,Nein,Nein
DESH_PR_0276,"Havetofter See, Havetoft, Gemeindebadestelle",See,10,Schleswig-Flensburg,9.526821602713245,54.64216599185036,Zerkarien,Nein,Nein,Nein,Ja,Nein,Nein,Ja,Ja,Nein,Nein,Nein,Ja,Nein,Nein,Nein,Nein,Nein,Nein,Nein,Nein,Nein,Nein,Nein,Nein,Nein
DESH_PR_0277,"Südensee, Sürup",See,150,Schleswig-Flensburg,9.66485135104896,54.71232763210488,Cyanobakterien (Blaualgen) und Zerkarien,Nein,Nein,Nein,Ja,Nein,Nein,Ja,Ja,Ja,Ja,Nein,Ja,Nein,Nein,Nein,Nein,Nein,Ja,Nein,Nein,Nein,Nein,Nein,Nein,Nein
DESH_PR_0278,"Holmarksee, Kleinsoltfeld",See,70,Schleswig-Flensburg,9.49622149978678,54.71659010430268,Zerkarien,Nein,Nein,Nein,Nein,Nein,Ja,Ja,Nein,Ja,Ja,Nein,Ja,Nein,Nein,Nein,Nein,Nein,Ja,Nein,Nein,Nein,Nein,Nein,Nein,Nein
DESH_PR_0279,Badesee Lindewitt,See,40,Schleswig-Flensburg,9.200457189399057,54.69853404488269,Zerkarien,Nein,Nein,Nein,Nein,Nein,Ja,Ja,Nein,Ja,Ja,Ja,Ja,Nein,Nein,Nein,Nein,Nein,Ja,Nein,Nein,Nein,Nein,Nein,Nein,Nein
DESH_PR_0280,Teich am Steinholz,See,50,Schleswig-Flensburg,9.427783073928508,54.59253158717264,Zerkarien,Nein,Nein,Nein,Ja,Nein,Nein,Ja,Nein,Ja,Nein,Nein,Ja,Nein,Nein,Nein,Nein,Nein,Nein,Nein,Nein,Nein,Nein,Nein,Nein,Nein
DESH_PR_0281,"Langsee, Süderfahrenstedt",See,35,Schleswig-Flensburg,9.588634236168373,54.58343790693714,Zerkarien,Nein,Nein,Nein,Ja,Nein,Nein,Nein,Ja,Nein,Nein,Nein,Nein,Nein,Nein,Nein,Nein,Nein,Nein,Nein,Nein,Nein,Nein,Nein,Nein,Nein
DESH_PR_0283,"Arenholzer See, Lürschau",See,100,Schleswig-Flensburg,9.493286024489144,54.54741099686788,Zerkarien,Nein,Nein,Nein,Ja,Nein,Nein,Ja,Nein,Ja,Nein,Nein,Ja,Nein,Nein,Nein,Nein,Nein,Ja,Nein,Nein,Nein,Nein,Nein,Nein,Nein
DESH_PR_0284,"Schlei, Stexwig",Küstengewässer,15,Schleswig-Flensburg,9.641880107010168,54.51203773301815,Zerkarien,Nein,Nein,Nein,Ja,Nein,Nein,Ja,Nein,Ja,Ja,Ja,Ja,Nein,Nein,Nein,Ja,Nein,Nein,Nein,Nein,Nein,Nein,Nein,Nein,Nein
DESH_PR_0285,Baggersee Wanderup,See,100,Schleswig-Flensburg,9.356209515606166,54.70467911487584,Zerkarien,Nein,Nein,Nein,Ja,Nein,Nein,Ja,Nein,Ja,Nein,Nein,Ja,Nein,Nein,Nein,Nein,Nein,Nein,Nein,Nein,Nein,Nein,Nein,Nein,Nein
DESH_PR_0286,Baggersee Satteln,See,10,Schleswig-Flensburg,9.331176067518673,54.47798201617346,Zerkarien,Nein,Nein,Nein,Ja,Nein,Nein,Ja,Nein,Nein,Nein,Nein,Ja,Nein,Nein,Nein,Nein,Nein,Nein,Nein,Nein,Nein,Nein,Nein,Nein,Nein
DESH_PR_0288,Dollerupholz,Küstengewässer,100,Schleswig-Flensburg,9.709971398342041,54.81121984147644,Cyanobakterien (Blaualgen) und Quallen,Nein,Nein,Nein,Ja,Nein,Nein,Ja,Nein,Ja,Ja,Nein,Ja,Nein,Nein,Nein,Ja,Nein,Nein,Nein,Nein,Nein,Nein,Nein,Nein,Nein
DESH_PR_0289,Geltinger Bucht,Küstengewässer,7500,Schleswig-Flensburg,9.820199712990714,54.77272904950586,Cyanobakterien (Blaualgen) und Quallen,Nein,Nein,Nein,Ja,Nein,Nein,Nein,Ja,Ja,Ja,Nein,Ja,Nein,Nein,Ja,Ja,Nein,Ja,Nein,Nein,Nein,Nein,Nein,Nein,Nein
DESH_PR_0290,Flensburger Außenförde,Küstengewässer,3890,Schleswig-Flensburg,9.980916726922288,54.74281496191068,Cyanobakterien (Blaualgen) und Quallen,Nein,Nein,Nein,Ja,Nein,Nein,Nein,Nein,Ja,Nein,Nein,Nein,Nein,Nein,Nein,Ja,Nein,Ja,Nein,Ja,Nein,Nein,Ja,Ja,Ja
DESH_PR_0291,"Gemeinde Bornhöved, Badestelle am Bornhöveder See",See,50,Segeberg,10.23705616408341,54.07837499687028,Cyanobakterien (Blaualgen) und Zerkarien,Nein,Nein,Nein,Ja,Nein,Nein,Ja,Nein,Ja,Ja,Nein,Ja,Nein,Nein,Ja,Ja,Nein,Nein,Nein,Nein,Nein,Nein,Nein,Nein,Nein
DESH_PR_0292,"Gemeinde Schmalensee, Badestelle am Schmalensee",See,120,Segeberg,10.269770413732,54.08316373113532,Cyanobakterien (Blaualgen) und Zerkarien,Nein,Nein,Nein,Ja,Nein,Nein,Ja,Nein,Ja,Nein,Nein,Ja,Nein,Nein,Nein,Ja,Nein,Nein,Nein,Nein,Nein,Nein,Nein,Nein,Nein
DESH_PR_0293,"Gemeinde Stocksee, alte Badestelle am Stocksee",See,20,Segeberg,10.34442072975035,54.0883464187923,Cyanobakterien (Blaualgen) und Zerkarien,Nein,Nein,Nein,Ja,Nein,Nein,Ja,Ja,Ja,Nein,Nein,Ja,Nein,Nein,Nein,Nein,Nein,Nein,Nein,Nein,Nein,Nein,Nein,Nein,Nein
DESH_PR_0294,"Gemeinde Stocksee, Naturcampingplatz am Stocksee",See,15,Segeberg,10.34105807180344,54.08108439454384,Cyanobakterien (Blaualgen) und Zerkarien,Nein,Nein,Nein,Ja,Nein,Nein,Ja,Ja,Ja,Nein,Nein,Nein,Nein,Nein,Ja,Ja,Nein,Ja,Nein,Nein,Nein,Nein,Nein,Nein,Nein
DESH_PR_0295,"Gemeinde Damsdorf, Badestelle am Stocksee",See,20,Segeberg,10.34745667984355,54.07864057760656,Cyanobakterien (Blaualgen) und Zerkarien,Nein,Nein,Nein,Ja,Nein,Nein,Ja,Ja,Nein,Nein,Nein,Ja,Nein,Nein,Nein,Nein,Nein,Nein,Nein,Nein,Nein,Nein,Nein,Nein,Nein
DESH_PR_0296,Gemeinde Seedorf/Seekamp Badestelle Seekamper See,See,80,Segeberg,10.45671804912281,54.04954981867094,Cyanobakterien (Blaualgen) und Zerkarien,Nein,Nein,Nein,Ja,Nein,Nein,Ja,Ja,Ja,Nein,Nein,Ja,Nein,Nein,Ja,Nein,Nein,Nein,Nein,Nein,Nein,Nein,Nein,Nein,Nein
DESH_PR_0297,"Gemeinde Blunk, Badestelle am Blunker See",See,50,Segeberg,10.3286888152422,54.01452044174744,Cyanobakterien (Blaualgen) und Zerkarien,Nein,Nein,Nein,Ja,Nein,Nein,Ja,Ja,Ja,Nein,Nein,Ja,Nein,Nein,Nein,Nein,Nein,Nein,Nein,Nein,Nein,Nein,Nein,Nein,Nein
DESH_PR_0298,"Gemeinde Nehms, Badestelle am Nehmser See",See,30,Segeberg,10.36428683305284,54.01794700824961,Cyanobakterien (Blaualgen) und Zerkarien,Nein,Nein,Nein,Ja,Nein,Nein,Ja,Ja,Ja,Nein,Nein,Ja,Nein,Nein,Nein,Nein,Nein,Nein,Nein,Nein,Nein,Nein,Nein,Nein,Nein
DESH_PR_0299,"Gemeinde Rohlstorf/Warder, Badestelle am Wardersee",See,25,Segeberg,10.38349501098011,53.98134338804953,Cyanobakterien (Blaualgen) und Zerkarien,Nein,Nein,Nein,Ja,Nein,Nein,Ja,Ja,Ja,Nein,Nein,Ja,Nein,Nein,Nein,Ja,Nein,Nein,Nein,Nein,Nein,Nein,Nein,Nein,Nein
DESH_PR_0300,"Gemeinde Rohlsdorf/Quaal, Badestelle Klüthsee",See,70,Segeberg,10.35496737511372,53.96403131009176,Cyanobakterien (Blaualgen) und Zerkarien,Nein,Nein,Nein,Ja,Nein,Nein,Ja,Nein,Ja,Nein,Nein,Ja,Nein,Nein,Nein,Nein,Nein,Nein,Nein,Nein,Nein,Nein,Nein,Nein,Nein
DESH_PR_0301,"Stadt Bad Segeberg, Badestelle am Ihlsee",See,140,Segeberg,10.30708947380208,53.95991650465325,Cyanobakterien (Blaualgen) und Zerkarien,Nein,Nein,Nein,Nein,Nein,Ja,Ja,Ja,Ja,Ja,Ja,Ja,Nein,Nein,Nein,Nein,Nein,Ja,Nein,Nein,Nein,Nein,Nein,Nein,Nein
DESH_PR_0302,"Stadt Bad Segeberg, Badestelle Großer Segeberger See",See,70,Segeberg,10.32011252867049,53.94263613171013,Cyanobakterien (Blaualgen) und Zerkarien,Nein,Nein,Nein,Nein,Nein,Ja,Ja,Nein,Ja,Ja,Ja,Ja,Nein,Nein,Nein,Nein,Ja,Nein,Nein,Nein,Nein,Nein,Nein,Nein,Nein
DESH_PR_0303,"Gemeinde Wittenborn, Badestelle am Mözener See",See,70,Segeberg,10.23775729770266,53.92084960252323,Cyanobakterien (Blaualgen) und Zerkarien,Nein,Nein,Nein,Ja,Nein,Nein,Ja,Ja,Ja,Nein,Nein,Ja,Nein,Nein,Ja,Ja,Nein,Nein,Nein,Nein,Nein,Nein,Nein,Nein,Nein
DESH_PR_0304,"Gemeinde Mözen, Badestelle am Mözener See",See,30,Segeberg,10.24888942420739,53.91505470198603,Cyanobakterien (Blaualgen) und Zerkarien,Nein,Nein,Nein,Ja,Nein,Nein,Ja,Ja,Ja,Nein,Nein,Ja,Nein,Nein,Nein,Nein,Nein,Nein,Nein,Nein,Nein,Nein,Nein,Nein,Nein
DESH_PR_0305,"Gemeinde Kükels, Badestelle am Mözener See",See,30,Segeberg,10.24108904517219,53.90521448678749,Cyanobakterien (Blaualgen) und Zerkarien,Nein,Nein,Nein,Ja,Nein,Nein,Ja,Ja,Ja,Nein,Nein,Ja,Nein,Nein,Nein,Nein,Nein,Nein,Nein,Nein,Nein,Nein,Nein,Nein,Nein
DESH_PR_0306,"Klein Rönnau, Badestelle am großen Segebeger See",See,200,Segeberg,10.34115140731958,53.95917357666391,Cyanobakterien (Blaualgen) und Zerkarien,Nein,Nein,Nein,Ja,Nein,Nein,Ja,Ja,Nein,Nein,Nein,Ja,Nein,Nein,Ja,Nein,Ja,Nein,Nein,Nein,Nein,Nein,Nein,Nein,Nein
DESH_PR_0307,"Leezen, Badestelle Seestraße am Neversdorfer See",See,100,Segeberg,10.26334826587081,53.86947644480054,Cyanobakterien (Blaualgen) und Zerkarien,Nein,Nein,Nein,Ja,Nein,Nein,Ja,Ja,Ja,Nein,Nein,Ja,Nein,Nein,Nein,Nein,Nein,Nein,Nein,Nein,Nein,Nein,Nein,Nein,Nein
DESH_PR_0308,"Leezen, Neversdorfer Straße am Neversdorfer See",See,30,Segeberg,10.26218306562527,53.86674591119734,Cyanobakterien (Blaualgen) und Zerkarien,Nein,Nein,Nein,Ja,Nein,Nein,Ja,Ja,Nein,Nein,Nein,Ja,Nein,Nein,Nein,Nein,Nein,Nein,Nein,Nein,Nein,Nein,Nein,Nein,Nein
DESH_PR_0309,"Gemeinde Neversdorf, Badestelle am Neversdorfer See",See,70,Segeberg,10.28865770469842,53.870110962761,Cyanobakterien (Blaualgen) und Zerkarien,Nein,Nein,Nein,Ja,Nein,Nein,Ja,Ja,Nein,Nein,Nein,Ja,Nein,Nein,Ja,Nein,Ja,Ja,Nein,Nein,Nein,Nein,Nein,Nein,Nein
DESH_PR_0310,"Gemeinde Bebensee, Badestelle am Neversdorfer See",See,80,Segeberg,10.29962328531318,53.87422518955549,Cyanobakterien (Blaualgen) und Zerkarien,Nein,Nein,Nein,Ja,Nein,Nein,Ja,Ja,Ja,Nein,Nein,Ja,Nein,Nein,Nein,Nein,Nein,Nein,Nein,Nein,Nein,Nein,Nein,Nein,Nein
DESH_PR_0311,"Gemeinde Itzstedt, Badestelle am Itzstedter See",See,200,Segeberg,10.14558122132468,53.80849647207207,Cyanobakterien (Blaualgen) und Zerkarien,Nein,Nein,Nein,Nein,Nein,Ja,Ja,Ja,Ja,Ja,Nein,Ja,Nein,Nein,Nein,Ja,Nein,Ja,Nein,Nein,Nein,Nein,Nein,Nein,Nein
DESH_PR_0312,"Henstedt-Ulzburg, Badestelle am Beckersbergsee",See,210,Segeberg,9.992380314693085,53.79560173256903,Cyanobakterien (Blaualgen) und Zerkarien,Nein,Nein,Nein,Nein,Ja,Ja,Ja,Ja,Ja,Ja,Nein,Ja,Nein,Nein,Nein,Nein,Nein,Ja,Nein,Nein,Nein,Nein,Nein,Nein,Nein
DESH_PR_0313,"Gemeinde Weddelbrook, Badestelle am Mühlenteich",See,30,Segeberg,9.826298560749802,53.90197018488805,Cyanobakterien (Blaualgen) und Zerkarien,Nein,Nein,Nein,Ja,Nein,Nein,Nein,Ja,Ja,Nein,Nein,Ja,Nein,Nein,Ja,Nein,Ja,Nein,Nein,Nein,Nein,Nein,Nein,Nein,Nein
DESH_PR_0314,"Gemeinde Seedorf, Badestelle am Seedorfer See",See,30,Segeberg,10.405707100763,54.05514233556357,Cyanobakterien (Blaualgen) und Zerkarien,Nein,Nein,Nein,Ja,Nein,Nein,Ja,Nein,Ja,Nein,Nein,Ja,Nein,Nein,Nein,Nein,Nein,Nein,Nein,Nein,Nein,Nein,Nein,Nein,Nein
DESH_PR_0315,"Louisenbad, Neumühlen, Schenefeld",See,150,Steinburg,9.465098374674614,54.04967636956173,,Nein,Nein,Nein,Nein,Ja,Nein,Ja,Ja,Ja,Ja,Ja,Ja,Nein,Nein,Nein,Ja,Nein,Nein,Nein,Nein,Nein,Nein,Nein,Nein,Nein
DESH_PR_0316,"Nord-Ostsee-Kanal ""Klein-Westerland"", Holstenniendorf",Fließgewässer,100,Steinburg,9.300182231465133,54.032835357468,,Nein,Nein,Nein,Ja,Nein,Nein,Ja,Nein,Nein,Nein,Nein,Ja,Nein,Nein,Ja,Nein,Nein,Ja,Nein,Nein,Nein,Nein,Nein,Nein,Nein
DESH_PR_0317,"Lohmühlenteich, Hohenlockstedt",See,200,Steinburg,9.597571258223548,53.96739195461126,,Nein,Nein,Nein,Nein,Ja,Nein,Ja,Ja,Ja,Ja,Ja,Ja,Nein,Nein,Nein,Ja,Nein,Nein,Nein,Nein,Nein,Nein,Nein,Nein,Nein
DESH_PR_0319,"Elbe, Brokdorf",Übergangsgewässer,400,Steinburg,9.329815097895338,53.86069016166627,,Nein,Nein,Nein,Ja,Nein,Nein,Ja,Nein,Ja,Nein,Nein,Ja,Nein,Nein,Nein,Nein,Nein,Ja,Nein,Nein,Nein,Nein,Nein,Nein,Nein
DESH_PR_0321,"Herrenteich, Reinfeld",See,80,Stormarn,10.48394885752719,53.83617594797622,Cyanobakterien (Blaualgen),Nein,Nein,Nein,Ja,Nein,Nein,Nein,Ja,Ja,Ja,Nein,Nein,Nein,Nein,Nein,Ja,Nein,Nein,Nein,Nein,Nein,Nein,Nein,Nein,Nein
DESH_PR_0322,"Poggensee, Freibad",See,100,Stormarn,10.38831755135449,53.8274330859159,Cyanobakterien (Blaualgen),Nein,Nein,Nein,Nein,Ja,Ja,Ja,Ja,Ja,Ja,Ja,Ja,Nein,Nein,Nein,Nein,Nein,Ja,Nein,Nein,Nein,Nein,Nein,Nein,Ja
DESH_PR_0323,"Bredenbeker Teich, Strandbad",See,600,Stormarn,10.19150726246559,53.68229218821478,Cyanobakterien (Blaualgen),Nein,Nein,Nein,Nein,Nein,Ja,Nein,Ja,Ja,Ja,Ja,Nein,Nein,Nein,Nein,Nein,Nein,Nein,Nein,Nein,Nein,Nein,Nein,Nein,Nein
DESH_PR_0324,"Großensee, Südstrand",See,250,Stormarn,10.34893437248012,53.614222555555,Cyanobakterien (Blaualgen) und Zerkarien,Nein,Nein,Nein,Nein,Nein,Ja,Nein,Ja,Ja,Nein,Nein,Nein,Nein,Nein,Nein,Ja,Nein,Ja,Nein,Nein,Nein,Nein,Nein,Nein,Nein
DESH_PR_0325,Baggersee-Wilstedt,See,400,Stormarn,10.03178440648503,53.73815226542086,Cyanobakterien (Blaualgen),Nein,Nein,Nein,Ja,Nein,Nein,Ja,Nein,Nein,Nein,Nein,Ja,Nein,Nein,Nein,Nein,Nein,Nein,Nein,Nein,Nein,Nein,Nein,Nein,Nein
DESH_PR_0330,"Einfelder See, Schanze",See,570,"Neumünster, Stadt",10.00671181047027,54.13879610410011,Cyanobakterien (Blaualgen) und Zerkarien,Nein,Nein,Nein,Nein,Nein,Nein,Nein,Nein,Ja,Nein,Nein,Ja,Nein,Nein,Nein,Ja,Nein,Ja,Nein,Nein,Nein,Nein,Nein,Nein,Ja
DESH_PR_0331,"Fehmarn, Grüner Brink",Küstengewässer,400,Ostholstein,11.1969476437583,54.51111517408588,Cyanobakterien (Blaualgen) und Quallen,Nein,Nein,Nein,Nein,Nein,Nein,Ja,Nein,Ja,Nein,Nein,Ja,Nein,Ja,Nein,Nein,Nein,Ja,Nein,Nein,Nein,Nein,Nein,Nein,Nein
DESH_PR_0332,Kiel Holtenau,Küstengewässer,50,"Kiel, Landeshauptstadt",10.15745690657137,54.37285571795521,Cyanobakterien (Blaualgen) und Quallen,Nein,Nein,Nein,Nein,Ja,Nein,Nein,Nein,Ja,Ja,Ja,Nein,Nein,Nein,Nein,Nein,Nein,Nein,Nein,Nein,Nein,Nein,Nein,Nein,Nein
DESH_PR_0333,"Stadt Norderstedt, Badestelle am Stadtparksee",See,50,Segeberg,10.02524769482262,53.71714707843488,Cyanobakterien (Blaualgen) und Zerkarien,Nein,Nein,Nein,Nein,Nein,Ja,Ja,Ja,Ja,Ja,Ja,Nein,Nein,Nein,Nein,Ja,Nein,Ja,Nein,Nein,Nein,Nein,Nein,Nein,Nein
DESH_PR_0334,"Müssener See, Freizeitland",See,60,Herzogtum Lauenburg,10.55953962071216,53.49298403337756,,Nein,Nein,Nein,Nein,Ja,Nein,Ja,Ja,Ja,Nein,Nein,Ja,Nein,Nein,Nein,Ja,Nein,Nein,Nein,Nein,Nein,Nein,Nein,Nein,Nein
DESH_PR_0335,"Gemeinde Krems II/Warderbrück, Badestelle Wardersee",See,25,Segeberg,10.37099300031882,53.98469056119266,Cyanobakterien (Blaualgen) und Zerkarien,Nein,Nein,Nein,Ja,Nein,Nein,Ja,Ja,Ja,Nein,Nein,Nein,Nein,Nein,Nein,Nein,Nein,Nein,Nein,Nein,Nein,Nein,Nein,Nein,Nein
DESH_PR_0336,Gemeindebadestelle Breiholz an der Eider,Fließgewässer,80,Rendsburg-Eckernförde,9.531450330356067,54.21632133578615,Zerkarien,Nein,Nein,Nein,Ja,Nein,Nein,Nein,Ja,Nein,Nein,Nein,Ja,Nein,Nein,Nein,Ja,Nein,Nein,Nein,Nein,Nein,Nein,Nein,Nein,Nein
DESH_PR_0337,"Amrum, Wittdün Oststrand",Küstengewässer,300,Nordfriesland,8.390080664917328,54.62916775922992,,Nein,Nein,Nein,Ja,Nein,Nein,Ja,Nein,Nein,Nein,Nein,Nein,Nein,Nein,Nein,Nein,Nein,Nein,Nein,Nein,Ja,Nein,Nein,Nein,Nein
DESH_PR_0343,Campingplatz Groß Wittensee am Wittensee,See,20,Rendsburg-Eckernförde,9.76854832331716,54.40203089590474,Zerkarien,Nein,Nein,Nein,Ja,Nein,Nein,Nein,Nein,Nein,Nein,Nein,Nein,Nein,Nein,Ja,Nein,Nein,Nein,Nein,Nein,Nein,Nein,Nein,Nein,Nein
DESH_PR_0344,Ferienpark Falkenburg/Hohenwestedt,See,10,Rendsburg-Eckernförde,9.661196759523632,54.10908984987071,,Nein,Nein,Nein,Ja,Nein,Nein,Nein,Ja,Nein,Nein,Nein,Nein,Nein,Nein,Nein,Nein,Nein,Nein,Nein,Nein,Nein,Nein,Nein,Nein,Nein
DESH_PR_0345,"Borgdorfer See, Borgdorf, Schulkoppel",See,20,Rendsburg-Eckernförde,9.883220744344973,54.179165443981,Cyanobakterien (Blaualgen),Nein,Nein,Nein,Ja,Nein,Nein,Nein,Ja,Nein,Nein,Nein,Ja,Nein,Nein,Nein,Ja,Nein,Nein,Nein,Nein,Nein,Nein,Nein,Nein,Nein
DESH_PR_0346,"Gemeindebadestelle ""Am See"" in Klein Wittensee",See,15,Rendsburg-Eckernförde,9.730042516791524,54.38953816750208,Cyanobakterien (Blaualgen) und Zerkarien,Nein,Nein,Nein,Ja,Nein,Nein,Ja,Nein,Nein,Nein,Nein,Ja,Nein,Nein,Nein,Nein,Nein,Nein,Nein,Nein,Nein,Nein,Nein,Nein,Nein
DESH_PR_0347,"Einfelder See, Dorfbucht",See,30,"Neumünster, Stadt",9.992515520568896,54.13398694491659,Cyanobakterien (Blaualgen),Nein,Nein,Nein,Ja,Nein,Nein,Nein,Nein,Ja,Nein,Nein,Nein,Nein,Nein,Nein,Ja,Nein,Nein,Nein,Nein,Nein,Nein,Nein,Nein,Nein
DESH_PR_0348,Naturistcamping Flemhuder See,See,20,Rendsburg-Eckernförde,9.96223550665598,54.33903128504038,,Nein,Nein,Nein,Nein,Nein,Nein,Nein,Nein,Nein,Nein,Nein,Nein,Nein,Nein,Ja,Nein,Nein,Nein,Nein,Nein,Nein,Nein,Ja,Nein,Nein
DESH_PR_0349,"Schlei, Schleswig, Auf der Freiheit",Küstengewässer,40,Schleswig-Flensburg,9.588478374263024,54.51195046051083,,Nein,Nein,Nein,Ja,Nein,Nein,Ja,Ja,Nein,Nein,Nein,Ja,Nein,Nein,Nein,Nein,Ja,Nein,Nein,Nein,Nein,Nein,Nein,Nein,Nein
DESH_PR_0350,St. Peter-Ording Bad,Küstengewässer,400,Nordfriesland,8.58052464641245,54.31394117622649,,Nein,Nein,Nein,Nein,Ja,Ja,Ja,Nein,Ja,Ja,Nein,Nein,Ja,Nein,Nein,Ja,Ja,Nein,Nein,Nein,Ja,Nein,Nein,Nein,Nein
DESH_PR_0351,"Amrum, Süddorf",Küstengewässer,1800,Nordfriesland,8.328646935353223,54.63558450580103,,Ja,Nein,Nein,Nein,Ja,Nein,Ja,Nein,Ja,Ja,Nein,Nein,Nein,Ja,Nein,Nein,Nein,Ja,Nein,Nein,Nein,Nein,Nein,Nein,Nein
DESH_PR_0352,Kiel Kiellinie,Küstengewässer,35,"Kiel, Landeshauptstadt",10.15311644111302,54.333806817964,Cyanobakterien (Blaualgen) und Quallen,Nein,Nein,Ja,Nein,Ja,Nein,Ja,Nein,Ja,Nein,Ja,Nein,Ja,Nein,Nein,Nein,Nein,Nein,Nein,Nein,Nein,Nein,Nein,Nein,Nein
DESH_PR_0353,Ratzeburger See; Groß Sarau,See,80,Herzogtum Lauenburg,10.74197349919132,53.77158686378756,,Nein,Nein,Nein,Nein,Ja,Nein,Ja,Ja,Ja,Nein,Nein,Nein,Nein,Nein,Nein,Ja,Nein,Nein,Nein,Nein,Nein,Nein,Nein,Nein,Nein
DESH_PR_0354,Olpenitz,Küstengewässer,193,Schleswig-Flensburg,10.03605166178276,54.66415614068922,Quallen,Nein,Nein,Nein,Ja,Nein,Nein,Ja,Nein,Nein,Nein,Nein,Nein,Nein,Nein,Nein,Nein,Nein,Nein,Nein,Nein,Nein,Nein,Nein,Nein,Nein
DESH_PR_0355,Kiel Hasselfelde,Küstengewässer,162,"Kiel, Landeshauptstadt",10.17645366259976,54.34501751319303,Cyanobakterien (Blaualgen) und Quallen,Nein,Nein,Nein,Ja,Nein,Nein,Ja,Nein,Ja,Nein,Nein,Ja,Nein,Nein,Nein,Nein,Nein,Nein,Nein,Nein,Nein,Nein,Nein,Nein,Nein
