DESH_PR_0045|25|barrierefreier Zugang
DESH_PR_0067|25|barrierefreier Zugang
DESH_PR_0079|25|barrierefreier Zugang
DESH_PR_0066|25|barrierefreier Zugang
DESH_PR_0239|25|barrierefreier Zugang
DESH_PR_0097|25|barrierefreier Zugang
DESH_PR_0072|25|barrierefreier Zugang
DESH_PR_0073|25|barrierefreier Zugang
DESH_PR_0076|25|barrierefreier Zugang
DESH_PR_0047|25|barrierefreier Zugang
DESH_PR_0051|25|barrierefreier Zugang
DESH_PR_0351|25|barrierefreier Zugang
DESH_PR_0046|25|barrierefreier Zugang
DESH_PR_0056|25|barrierefreier Zugang
DESH_PR_0055|25|barrierefreier Zugang
DESH_PR_0082|25|barrierefreier Zugang
DESH_PR_0066|23|WLAN
DESH_PR_0078|23|WLAN
DESH_PR_0079|23|WLAN
DESH_PR_0352|24|ÖPNV
DESH_PR_0044|24|ÖPNV
DESH_PR_0070|24|ÖPNV
DESH_PR_0071|24|ÖPNV
DESH_PR_0072|24|ÖPNV
DESH_PR_0073|24|ÖPNV
DESH_PR_0074|24|ÖPNV
DESH_PR_0075|24|ÖPNV
DESH_PR_0056|24|ÖPNV
DESH_PR_0125|1|Baden ohne Aufsicht
DESH_PR_0126|1|Baden ohne Aufsicht
DESH_PR_0127|1|Baden ohne Aufsicht
DESH_PR_0131|1|Baden ohne Aufsicht
DESH_PR_0132|1|Baden ohne Aufsicht
DESH_PR_0134|1|Baden ohne Aufsicht
DESH_PR_0139|1|Baden ohne Aufsicht
DESH_PR_0140|1|Baden ohne Aufsicht
DESH_PR_0141|1|Baden ohne Aufsicht
DESH_PR_0142|1|Baden ohne Aufsicht
DESH_PR_0143|1|Baden ohne Aufsicht
DESH_PR_0145|1|Baden ohne Aufsicht
DESH_PR_0148|1|Baden ohne Aufsicht
DESH_PR_0149|1|Baden ohne Aufsicht
DESH_PR_0150|1|Baden ohne Aufsicht
DESH_PR_0152|1|Baden ohne Aufsicht
DESH_PR_0153|1|Baden ohne Aufsicht
DESH_PR_0154|1|Baden ohne Aufsicht
DESH_PR_0155|1|Baden ohne Aufsicht
DESH_PR_0156|1|Baden ohne Aufsicht
DESH_PR_0157|1|Baden ohne Aufsicht
DESH_PR_0158|1|Baden ohne Aufsicht
DESH_PR_0159|1|Baden ohne Aufsicht
DESH_PR_0160|1|Baden ohne Aufsicht
DESH_PR_0161|1|Baden ohne Aufsicht
DESH_PR_0162|1|Baden ohne Aufsicht
DESH_PR_0163|1|Baden ohne Aufsicht
DESH_PR_0164|1|Baden ohne Aufsicht
DESH_PR_0165|1|Baden ohne Aufsicht
DESH_PR_0166|1|Baden ohne Aufsicht
DESH_PR_0167|1|Baden ohne Aufsicht
DESH_PR_0168|1|Baden ohne Aufsicht
DESH_PR_0169|1|Baden ohne Aufsicht
DESH_PR_0170|1|Baden ohne Aufsicht
DESH_PR_0171|1|Baden ohne Aufsicht
DESH_PR_0172|1|Baden ohne Aufsicht
DESH_PR_0173|1|Baden ohne Aufsicht
DESH_PR_0174|1|Baden ohne Aufsicht
DESH_PR_0175|1|Baden ohne Aufsicht
DESH_PR_0176|1|Baden ohne Aufsicht
DESH_PR_0177|1|Baden ohne Aufsicht
DESH_PR_0178|1|Baden ohne Aufsicht
DESH_PR_0179|1|Baden ohne Aufsicht
DESH_PR_0181|1|Baden ohne Aufsicht
DESH_PR_0182|1|Baden ohne Aufsicht
DESH_PR_0188|1|Baden ohne Aufsicht
DESH_PR_0198|1|Baden ohne Aufsicht
DESH_PR_0201|1|Baden ohne Aufsicht
DESH_PR_0202|1|Baden ohne Aufsicht
DESH_PR_0203|1|Baden ohne Aufsicht
DESH_PR_0204|1|Baden ohne Aufsicht
DESH_PR_0205|1|Baden ohne Aufsicht
DESH_PR_0208|1|Baden ohne Aufsicht
DESH_PR_0211|1|Baden ohne Aufsicht
DESH_PR_0212|1|Baden ohne Aufsicht
DESH_PR_0213|1|Baden ohne Aufsicht
DESH_PR_0214|1|Baden ohne Aufsicht
DESH_PR_0216|1|Baden ohne Aufsicht
DESH_PR_0217|1|Baden ohne Aufsicht
DESH_PR_0218|1|Baden ohne Aufsicht
DESH_PR_0219|1|Baden ohne Aufsicht
DESH_PR_0220|1|Baden ohne Aufsicht
DESH_PR_0221|1|Baden ohne Aufsicht
DESH_PR_0224|1|Baden ohne Aufsicht
DESH_PR_0225|1|Baden ohne Aufsicht
DESH_PR_0226|1|Baden ohne Aufsicht
DESH_PR_0227|1|Baden ohne Aufsicht
DESH_PR_0228|1|Baden ohne Aufsicht
DESH_PR_0229|1|Baden ohne Aufsicht
DESH_PR_0230|1|Baden ohne Aufsicht
DESH_PR_0232|1|Baden ohne Aufsicht
DESH_PR_0233|1|Baden ohne Aufsicht
DESH_PR_0234|1|Baden ohne Aufsicht
DESH_PR_0235|1|Baden ohne Aufsicht
DESH_PR_0236|1|Baden ohne Aufsicht
DESH_PR_0237|1|Baden ohne Aufsicht
DESH_PR_0240|1|Baden ohne Aufsicht
DESH_PR_0241|1|Baden ohne Aufsicht
DESH_PR_0242|1|Baden ohne Aufsicht
DESH_PR_0245|1|Baden ohne Aufsicht
DESH_PR_0247|1|Baden ohne Aufsicht
DESH_PR_0252|1|Baden ohne Aufsicht
DESH_PR_0256|1|Baden ohne Aufsicht
DESH_PR_0257|1|Baden ohne Aufsicht
DESH_PR_0260|1|Baden ohne Aufsicht
DESH_PR_0261|1|Baden ohne Aufsicht
DESH_PR_0262|1|Baden ohne Aufsicht
DESH_PR_0263|1|Baden ohne Aufsicht
DESH_PR_0264|1|Baden ohne Aufsicht
DESH_PR_0265|1|Baden ohne Aufsicht
DESH_PR_0267|1|Baden ohne Aufsicht
DESH_PR_0268|1|Baden ohne Aufsicht
DESH_PR_0270|1|Baden ohne Aufsicht
DESH_PR_0271|1|Baden ohne Aufsicht
DESH_PR_0272|1|Baden ohne Aufsicht
DESH_PR_0273|1|Baden ohne Aufsicht
DESH_PR_0274|1|Baden ohne Aufsicht
DESH_PR_0275|1|Baden ohne Aufsicht
DESH_PR_0276|1|Baden ohne Aufsicht
DESH_PR_0277|1|Baden ohne Aufsicht
DESH_PR_0280|1|Baden ohne Aufsicht
DESH_PR_0281|1|Baden ohne Aufsicht
DESH_PR_0282|1|Baden ohne Aufsicht
DESH_PR_0283|1|Baden ohne Aufsicht
DESH_PR_0284|1|Baden ohne Aufsicht
DESH_PR_0285|1|Baden ohne Aufsicht
DESH_PR_0286|1|Baden ohne Aufsicht
DESH_PR_0287|1|Baden ohne Aufsicht
DESH_PR_0288|1|Baden ohne Aufsicht
DESH_PR_0289|1|Baden ohne Aufsicht
DESH_PR_0290|1|Baden ohne Aufsicht
DESH_PR_0291|1|Baden ohne Aufsicht
DESH_PR_0292|1|Baden ohne Aufsicht
DESH_PR_0293|1|Baden ohne Aufsicht
DESH_PR_0294|1|Baden ohne Aufsicht
DESH_PR_0295|1|Baden ohne Aufsicht
DESH_PR_0296|1|Baden ohne Aufsicht
DESH_PR_0297|1|Baden ohne Aufsicht
DESH_PR_0298|1|Baden ohne Aufsicht
DESH_PR_0299|1|Baden ohne Aufsicht
DESH_PR_0300|1|Baden ohne Aufsicht
DESH_PR_0303|1|Baden ohne Aufsicht
DESH_PR_0304|1|Baden ohne Aufsicht
DESH_PR_0305|1|Baden ohne Aufsicht
DESH_PR_0306|1|Baden ohne Aufsicht
DESH_PR_0307|1|Baden ohne Aufsicht
DESH_PR_0308|1|Baden ohne Aufsicht
DESH_PR_0309|1|Baden ohne Aufsicht
DESH_PR_0310|1|Baden ohne Aufsicht
DESH_PR_0313|1|Baden ohne Aufsicht
DESH_PR_0314|1|Baden ohne Aufsicht
DESH_PR_0316|1|Baden ohne Aufsicht
DESH_PR_0318|1|Baden ohne Aufsicht
DESH_PR_0319|1|Baden ohne Aufsicht
DESH_PR_0320|1|Baden ohne Aufsicht
DESH_PR_0335|1|Baden ohne Aufsicht
DESH_PR_0336|1|Baden ohne Aufsicht
DESH_PR_0013|1|Baden ohne Aufsicht
DESH_PR_0014|1|Baden ohne Aufsicht
DESH_PR_0018|1|Baden ohne Aufsicht
DESH_PR_0022|1|Baden ohne Aufsicht
DESH_PR_0024|1|Baden ohne Aufsicht
DESH_PR_0030|1|Baden ohne Aufsicht
DESH_PR_0031|1|Baden ohne Aufsicht
DESH_PR_0032|1|Baden ohne Aufsicht
DESH_PR_0033|1|Baden ohne Aufsicht
DESH_PR_0038|1|Baden ohne Aufsicht
DESH_PR_0039|1|Baden ohne Aufsicht
DESH_PR_0050|1|Baden ohne Aufsicht
DESH_PR_0052|1|Baden ohne Aufsicht
DESH_PR_0053|1|Baden ohne Aufsicht
DESH_PR_0054|1|Baden ohne Aufsicht
DESH_PR_0058|1|Baden ohne Aufsicht
DESH_PR_0083|1|Baden ohne Aufsicht
DESH_PR_0086|1|Baden ohne Aufsicht
DESH_PR_0087|1|Baden ohne Aufsicht
DESH_PR_0088|1|Baden ohne Aufsicht
DESH_PR_0090|1|Baden ohne Aufsicht
DESH_PR_0091|1|Baden ohne Aufsicht
DESH_PR_0092|1|Baden ohne Aufsicht
DESH_PR_0093|1|Baden ohne Aufsicht
DESH_PR_0094|1|Baden ohne Aufsicht
DESH_PR_0095|1|Baden ohne Aufsicht
DESH_PR_0096|1|Baden ohne Aufsicht
DESH_PR_0098|1|Baden ohne Aufsicht
DESH_PR_0103|1|Baden ohne Aufsicht
DESH_PR_0104|1|Baden ohne Aufsicht
DESH_PR_0107|1|Baden ohne Aufsicht
DESH_PR_0108|1|Baden ohne Aufsicht
DESH_PR_0109|1|Baden ohne Aufsicht
DESH_PR_0110|1|Baden ohne Aufsicht
DESH_PR_0111|1|Baden ohne Aufsicht
DESH_PR_0112|1|Baden ohne Aufsicht
DESH_PR_0113|1|Baden ohne Aufsicht
DESH_PR_0114|1|Baden ohne Aufsicht
DESH_PR_0115|1|Baden ohne Aufsicht
DESH_PR_0116|1|Baden ohne Aufsicht
DESH_PR_0117|1|Baden ohne Aufsicht
DESH_PR_0119|1|Baden ohne Aufsicht
DESH_PR_0026|1|Baden ohne Aufsicht
DESH_PR_0042|1|Baden ohne Aufsicht
DESH_PR_0062|1|Baden ohne Aufsicht
DESH_PR_0055|1|Baden ohne Aufsicht
DESH_PR_0057|1|Baden ohne Aufsicht
DESH_PR_0061|1|Baden ohne Aufsicht
DESH_PR_0069|1|Baden ohne Aufsicht
DESH_PR_0337|1|Baden ohne Aufsicht
DESH_PR_0338|1|Baden ohne Aufsicht
DESH_PR_0036|1|Baden ohne Aufsicht
DESH_PR_0035|1|Baden ohne Aufsicht
DESH_PR_0041|1|Baden ohne Aufsicht
DESH_PR_0056|1|Baden ohne Aufsicht
DESH_PR_0121|1|Baden ohne Aufsicht
DESH_PR_0349|1|Baden ohne Aufsicht
DESH_PR_0339|1|Baden ohne Aufsicht
DESH_PR_0340|1|Baden ohne Aufsicht
DESH_PR_0344|1|Baden ohne Aufsicht
DESH_PR_0345|1|Baden ohne Aufsicht
DESH_PR_0346|1|Baden ohne Aufsicht
DESH_PR_0347|1|Baden ohne Aufsicht
DESH_PR_0341|1|Baden ohne Aufsicht
DESH_PR_0342|1|Baden ohne Aufsicht
DESH_PR_0239|1|Baden ohne Aufsicht
DESH_PR_0231|1|Baden ohne Aufsicht
DESH_PR_0243|1|Baden ohne Aufsicht
DESH_PR_0097|1|Baden ohne Aufsicht
DESH_PR_0029|1|Baden ohne Aufsicht
DESH_PR_0047|1|Baden ohne Aufsicht
DESH_PR_0255|1|Baden ohne Aufsicht
DESH_PR_0343|1|Baden ohne Aufsicht
DESH_PR_0192|1|Baden ohne Aufsicht
DESH_PR_0325|1|Baden ohne Aufsicht
DESH_PR_0321|1|Baden ohne Aufsicht
DESH_PR_0355|1|Baden ohne Aufsicht
DESH_PR_0354|1|Baden ohne Aufsicht
DESH_PR_0012|1|Baden ohne Aufsicht
DESH_PR_0332|2|Baden m. zeitw. Aufsicht
DESH_PR_0322|2|Baden m. zeitw. Aufsicht
DESH_PR_0312|2|Baden m. zeitw. Aufsicht
DESH_PR_0040|2|Baden m. zeitw. Aufsicht
DESH_PR_0025|2|Baden m. zeitw. Aufsicht
DESH_PR_0034|2|Baden m. zeitw. Aufsicht
DESH_PR_0045|2|Baden m. zeitw. Aufsicht
DESH_PR_0046|2|Baden m. zeitw. Aufsicht
DESH_PR_0048|2|Baden m. zeitw. Aufsicht
DESH_PR_0049|2|Baden m. zeitw. Aufsicht
DESH_PR_0051|2|Baden m. zeitw. Aufsicht
DESH_PR_0060|2|Baden m. zeitw. Aufsicht
DESH_PR_0064|2|Baden m. zeitw. Aufsicht
DESH_PR_0065|2|Baden m. zeitw. Aufsicht
DESH_PR_0068|2|Baden m. zeitw. Aufsicht
DESH_PR_0076|2|Baden m. zeitw. Aufsicht
DESH_PR_0077|2|Baden m. zeitw. Aufsicht
DESH_PR_0078|2|Baden m. zeitw. Aufsicht
DESH_PR_0079|2|Baden m. zeitw. Aufsicht
DESH_PR_0066|2|Baden m. zeitw. Aufsicht
DESH_PR_0334|2|Baden m. zeitw. Aufsicht
DESH_PR_0315|2|Baden m. zeitw. Aufsicht
DESH_PR_0317|2|Baden m. zeitw. Aufsicht
DESH_PR_0007|2|Baden m. zeitw. Aufsicht
DESH_PR_0037|2|Baden m. zeitw. Aufsicht
DESH_PR_0023|2|Baden m. zeitw. Aufsicht
DESH_PR_0089|2|Baden m. zeitw. Aufsicht
DESH_PR_0002|2|Baden m. zeitw. Aufsicht
DESH_PR_0001|2|Baden m. zeitw. Aufsicht
DESH_PR_0080|2|Baden m. zeitw. Aufsicht
DESH_PR_0352|2|Baden m. zeitw. Aufsicht
DESH_PR_0223|2|Baden m. zeitw. Aufsicht
DESH_PR_0207|2|Baden m. zeitw. Aufsicht
DESH_PR_0183|2|Baden m. zeitw. Aufsicht
DESH_PR_0185|2|Baden m. zeitw. Aufsicht
DESH_PR_0186|2|Baden m. zeitw. Aufsicht
DESH_PR_0209|2|Baden m. zeitw. Aufsicht
DESH_PR_0238|2|Baden m. zeitw. Aufsicht
DESH_PR_0239|2|Baden m. zeitw. Aufsicht
DESH_PR_0244|2|Baden m. zeitw. Aufsicht
DESH_PR_0248|2|Baden m. zeitw. Aufsicht
DESH_PR_0043|2|Baden m. zeitw. Aufsicht
DESH_PR_0044|2|Baden m. zeitw. Aufsicht
DESH_PR_0070|2|Baden m. zeitw. Aufsicht
DESH_PR_0071|2|Baden m. zeitw. Aufsicht
DESH_PR_0072|2|Baden m. zeitw. Aufsicht
DESH_PR_0073|2|Baden m. zeitw. Aufsicht
DESH_PR_0074|2|Baden m. zeitw. Aufsicht
DESH_PR_0075|2|Baden m. zeitw. Aufsicht
DESH_PR_0191|2|Baden m. zeitw. Aufsicht
DESH_PR_0189|2|Baden m. zeitw. Aufsicht
DESH_PR_0190|2|Baden m. zeitw. Aufsicht
DESH_PR_0266|2|Baden m. zeitw. Aufsicht
DESH_PR_0210|2|Baden m. zeitw. Aufsicht
DESH_PR_0353|2|Baden m. zeitw. Aufsicht
DESH_PR_0028|2|Baden m. zeitw. Aufsicht
DESH_PR_0027|2|Baden m. zeitw. Aufsicht
DESH_PR_0350|2|Baden m. zeitw. Aufsicht
DESH_PR_0222|2|Baden m. zeitw. Aufsicht
DESH_PR_0351|2|Baden m. zeitw. Aufsicht
DESH_PR_0199|2|Baden m. zeitw. Aufsicht
DESH_PR_0200|2|Baden m. zeitw. Aufsicht
DESH_PR_0006|2|Baden m. zeitw. Aufsicht
DESH_PR_0356|2|Baden m. zeitw. Aufsicht
DESH_PR_0082|2|Baden m. zeitw. Aufsicht
DESH_PR_0084|2|Baden m. zeitw. Aufsicht
DESH_PR_0021|2|Baden m. zeitw. Aufsicht
DESH_PR_0128|3|Eintritt
DESH_PR_0129|3|Eintritt
DESH_PR_0130|3|Eintritt
DESH_PR_0238|3|Eintritt
DESH_PR_0250|3|Eintritt
DESH_PR_0278|3|Eintritt
DESH_PR_0279|3|Eintritt
DESH_PR_0301|3|Eintritt
DESH_PR_0302|3|Eintritt
DESH_PR_0312|3|Eintritt
DESH_PR_0323|3|Eintritt
DESH_PR_0324|3|Eintritt
DESH_PR_0333|3|Eintritt
DESH_PR_0322|3|Eintritt
DESH_PR_0005|3|Eintritt
DESH_PR_0009|3|Eintritt
DESH_PR_0010|3|Eintritt
DESH_PR_0011|3|Eintritt
DESH_PR_0064|3|Eintritt
DESH_PR_0100|3|Eintritt
DESH_PR_0101|3|Eintritt
DESH_PR_0120|3|Eintritt
DESH_PR_0040|3|Eintritt
DESH_PR_0063|3|Eintritt
DESH_PR_0066|3|Eintritt
DESH_PR_0078|3|Eintritt
DESH_PR_0079|3|Eintritt
DESH_PR_0311|3|Eintritt
DESH_PR_0008|3|Eintritt
DESH_PR_0023|3|Eintritt
DESH_PR_0043|3|Eintritt
DESH_PR_0044|3|Eintritt
DESH_PR_0070|3|Eintritt
DESH_PR_0071|3|Eintritt
DESH_PR_0072|3|Eintritt
DESH_PR_0073|3|Eintritt
DESH_PR_0074|3|Eintritt
DESH_PR_0075|3|Eintritt
DESH_PR_0350|3|Eintritt
DESH_PR_0223|3|Eintritt
DESH_PR_0240|3|Eintritt
DESH_PR_0126|4|Liegeplätze ohne Schatten
DESH_PR_0127|4|Liegeplätze ohne Schatten
DESH_PR_0131|4|Liegeplätze ohne Schatten
DESH_PR_0132|4|Liegeplätze ohne Schatten
DESH_PR_0134|4|Liegeplätze ohne Schatten
DESH_PR_0135|4|Liegeplätze ohne Schatten
DESH_PR_0137|4|Liegeplätze ohne Schatten
DESH_PR_0142|4|Liegeplätze ohne Schatten
DESH_PR_0179|4|Liegeplätze ohne Schatten
DESH_PR_0181|4|Liegeplätze ohne Schatten
DESH_PR_0190|4|Liegeplätze ohne Schatten
DESH_PR_0201|4|Liegeplätze ohne Schatten
DESH_PR_0202|4|Liegeplätze ohne Schatten
DESH_PR_0203|4|Liegeplätze ohne Schatten
DESH_PR_0243|4|Liegeplätze ohne Schatten
DESH_PR_0245|4|Liegeplätze ohne Schatten
DESH_PR_0249|4|Liegeplätze ohne Schatten
DESH_PR_0252|4|Liegeplätze ohne Schatten
DESH_PR_0254|4|Liegeplätze ohne Schatten
DESH_PR_0255|4|Liegeplätze ohne Schatten
DESH_PR_0256|4|Liegeplätze ohne Schatten
DESH_PR_0257|4|Liegeplätze ohne Schatten
DESH_PR_0259|4|Liegeplätze ohne Schatten
DESH_PR_0260|4|Liegeplätze ohne Schatten
DESH_PR_0261|4|Liegeplätze ohne Schatten
DESH_PR_0262|4|Liegeplätze ohne Schatten
DESH_PR_0263|4|Liegeplätze ohne Schatten
DESH_PR_0264|4|Liegeplätze ohne Schatten
DESH_PR_0265|4|Liegeplätze ohne Schatten
DESH_PR_0267|4|Liegeplätze ohne Schatten
DESH_PR_0268|4|Liegeplätze ohne Schatten
DESH_PR_0270|4|Liegeplätze ohne Schatten
DESH_PR_0271|4|Liegeplätze ohne Schatten
DESH_PR_0272|4|Liegeplätze ohne Schatten
DESH_PR_0273|4|Liegeplätze ohne Schatten
DESH_PR_0274|4|Liegeplätze ohne Schatten
DESH_PR_0275|4|Liegeplätze ohne Schatten
DESH_PR_0276|4|Liegeplätze ohne Schatten
DESH_PR_0277|4|Liegeplätze ohne Schatten
DESH_PR_0278|4|Liegeplätze ohne Schatten
DESH_PR_0279|4|Liegeplätze ohne Schatten
DESH_PR_0280|4|Liegeplätze ohne Schatten
DESH_PR_0282|4|Liegeplätze ohne Schatten
DESH_PR_0283|4|Liegeplätze ohne Schatten
DESH_PR_0284|4|Liegeplätze ohne Schatten
DESH_PR_0285|4|Liegeplätze ohne Schatten
DESH_PR_0286|4|Liegeplätze ohne Schatten
DESH_PR_0287|4|Liegeplätze ohne Schatten
DESH_PR_0288|4|Liegeplätze ohne Schatten
DESH_PR_0291|4|Liegeplätze ohne Schatten
DESH_PR_0292|4|Liegeplätze ohne Schatten
DESH_PR_0293|4|Liegeplätze ohne Schatten
DESH_PR_0294|4|Liegeplätze ohne Schatten
DESH_PR_0295|4|Liegeplätze ohne Schatten
DESH_PR_0296|4|Liegeplätze ohne Schatten
DESH_PR_0297|4|Liegeplätze ohne Schatten
DESH_PR_0298|4|Liegeplätze ohne Schatten
DESH_PR_0299|4|Liegeplätze ohne Schatten
DESH_PR_0300|4|Liegeplätze ohne Schatten
DESH_PR_0301|4|Liegeplätze ohne Schatten
DESH_PR_0302|4|Liegeplätze ohne Schatten
DESH_PR_0303|4|Liegeplätze ohne Schatten
DESH_PR_0304|4|Liegeplätze ohne Schatten
DESH_PR_0305|4|Liegeplätze ohne Schatten
DESH_PR_0306|4|Liegeplätze ohne Schatten
DESH_PR_0307|4|Liegeplätze ohne Schatten
DESH_PR_0308|4|Liegeplätze ohne Schatten
DESH_PR_0309|4|Liegeplätze ohne Schatten
DESH_PR_0310|4|Liegeplätze ohne Schatten
DESH_PR_0312|4|Liegeplätze ohne Schatten
DESH_PR_0314|4|Liegeplätze ohne Schatten
DESH_PR_0315|4|Liegeplätze ohne Schatten
DESH_PR_0316|4|Liegeplätze ohne Schatten
DESH_PR_0317|4|Liegeplätze ohne Schatten
DESH_PR_0318|4|Liegeplätze ohne Schatten
DESH_PR_0319|4|Liegeplätze ohne Schatten
DESH_PR_0331|4|Liegeplätze ohne Schatten
DESH_PR_0333|4|Liegeplätze ohne Schatten
DESH_PR_0335|4|Liegeplätze ohne Schatten
DESH_PR_0001|4|Liegeplätze ohne Schatten
DESH_PR_0003|4|Liegeplätze ohne Schatten
DESH_PR_0004|4|Liegeplätze ohne Schatten
DESH_PR_0322|4|Liegeplätze ohne Schatten
DESH_PR_0024|4|Liegeplätze ohne Schatten
DESH_PR_0027|4|Liegeplätze ohne Schatten
DESH_PR_0028|4|Liegeplätze ohne Schatten
DESH_PR_0029|4|Liegeplätze ohne Schatten
DESH_PR_0030|4|Liegeplätze ohne Schatten
DESH_PR_0031|4|Liegeplätze ohne Schatten
DESH_PR_0032|4|Liegeplätze ohne Schatten
DESH_PR_0033|4|Liegeplätze ohne Schatten
DESH_PR_0038|4|Liegeplätze ohne Schatten
DESH_PR_0039|4|Liegeplätze ohne Schatten
DESH_PR_0052|4|Liegeplätze ohne Schatten
DESH_PR_0053|4|Liegeplätze ohne Schatten
DESH_PR_0054|4|Liegeplätze ohne Schatten
DESH_PR_0055|4|Liegeplätze ohne Schatten
DESH_PR_0056|4|Liegeplätze ohne Schatten
DESH_PR_0057|4|Liegeplätze ohne Schatten
DESH_PR_0058|4|Liegeplätze ohne Schatten
DESH_PR_0060|4|Liegeplätze ohne Schatten
DESH_PR_0061|4|Liegeplätze ohne Schatten
DESH_PR_0068|4|Liegeplätze ohne Schatten
DESH_PR_0069|4|Liegeplätze ohne Schatten
DESH_PR_0081|4|Liegeplätze ohne Schatten
DESH_PR_0085|4|Liegeplätze ohne Schatten
DESH_PR_0089|4|Liegeplätze ohne Schatten
DESH_PR_0091|4|Liegeplätze ohne Schatten
DESH_PR_0092|4|Liegeplätze ohne Schatten
DESH_PR_0093|4|Liegeplätze ohne Schatten
DESH_PR_0094|4|Liegeplätze ohne Schatten
DESH_PR_0095|4|Liegeplätze ohne Schatten
DESH_PR_0096|4|Liegeplätze ohne Schatten
DESH_PR_0097|4|Liegeplätze ohne Schatten
DESH_PR_0098|4|Liegeplätze ohne Schatten
DESH_PR_0099|4|Liegeplätze ohne Schatten
DESH_PR_0102|4|Liegeplätze ohne Schatten
DESH_PR_0106|4|Liegeplätze ohne Schatten
DESH_PR_0110|4|Liegeplätze ohne Schatten
DESH_PR_0112|4|Liegeplätze ohne Schatten
DESH_PR_0113|4|Liegeplätze ohne Schatten
DESH_PR_0114|4|Liegeplätze ohne Schatten
DESH_PR_0115|4|Liegeplätze ohne Schatten
DESH_PR_0116|4|Liegeplätze ohne Schatten
DESH_PR_0117|4|Liegeplätze ohne Schatten
DESH_PR_0118|4|Liegeplätze ohne Schatten
DESH_PR_0119|4|Liegeplätze ohne Schatten
DESH_PR_0026|4|Liegeplätze ohne Schatten
DESH_PR_0040|4|Liegeplätze ohne Schatten
DESH_PR_0025|4|Liegeplätze ohne Schatten
DESH_PR_0042|4|Liegeplätze ohne Schatten
DESH_PR_0034|4|Liegeplätze ohne Schatten
DESH_PR_0047|4|Liegeplätze ohne Schatten
DESH_PR_0045|4|Liegeplätze ohne Schatten
DESH_PR_0046|4|Liegeplätze ohne Schatten
DESH_PR_0048|4|Liegeplätze ohne Schatten
DESH_PR_0049|4|Liegeplätze ohne Schatten
DESH_PR_0062|4|Liegeplätze ohne Schatten
DESH_PR_0050|4|Liegeplätze ohne Schatten
DESH_PR_0063|4|Liegeplätze ohne Schatten
DESH_PR_0064|4|Liegeplätze ohne Schatten
DESH_PR_0065|4|Liegeplätze ohne Schatten
DESH_PR_0066|4|Liegeplätze ohne Schatten
DESH_PR_0067|4|Liegeplätze ohne Schatten
DESH_PR_0346|4|Liegeplätze ohne Schatten
DESH_PR_0076|4|Liegeplätze ohne Schatten
DESH_PR_0077|4|Liegeplätze ohne Schatten
DESH_PR_0078|4|Liegeplätze ohne Schatten
DESH_PR_0079|4|Liegeplätze ohne Schatten
DESH_PR_0340|4|Liegeplätze ohne Schatten
DESH_PR_0334|4|Liegeplätze ohne Schatten
DESH_PR_0311|4|Liegeplätze ohne Schatten
DESH_PR_0338|4|Liegeplätze ohne Schatten
DESH_PR_0337|4|Liegeplätze ohne Schatten
DESH_PR_0036|4|Liegeplätze ohne Schatten
DESH_PR_0035|4|Liegeplätze ohne Schatten
DESH_PR_0037|4|Liegeplätze ohne Schatten
DESH_PR_0023|4|Liegeplätze ohne Schatten
DESH_PR_0041|4|Liegeplätze ohne Schatten
DESH_PR_0349|4|Liegeplätze ohne Schatten
DESH_PR_0339|4|Liegeplätze ohne Schatten
DESH_PR_0002|4|Liegeplätze ohne Schatten
DESH_PR_0341|4|Liegeplätze ohne Schatten
DESH_PR_0352|4|Liegeplätze ohne Schatten
DESH_PR_0186|4|Liegeplätze ohne Schatten
DESH_PR_0043|4|Liegeplätze ohne Schatten
DESH_PR_0044|4|Liegeplätze ohne Schatten
DESH_PR_0070|4|Liegeplätze ohne Schatten
DESH_PR_0073|4|Liegeplätze ohne Schatten
DESH_PR_0075|4|Liegeplätze ohne Schatten
DESH_PR_0353|4|Liegeplätze ohne Schatten
DESH_PR_0350|4|Liegeplätze ohne Schatten
DESH_PR_0230|4|Liegeplätze ohne Schatten
DESH_PR_0351|4|Liegeplätze ohne Schatten
DESH_PR_0071|4|Liegeplätze ohne Schatten
DESH_PR_0072|4|Liegeplätze ohne Schatten
DESH_PR_0355|4|Liegeplätze ohne Schatten
DESH_PR_0325|4|Liegeplätze ohne Schatten
DESH_PR_0051|4|Liegeplätze ohne Schatten
DESH_PR_0356|4|Liegeplätze ohne Schatten
DESH_PR_0354|4|Liegeplätze ohne Schatten
DESH_PR_0125|5|Liegeplätze mit Schatten
DESH_PR_0147|5|Liegeplätze mit Schatten
DESH_PR_0150|5|Liegeplätze mit Schatten
DESH_PR_0151|5|Liegeplätze mit Schatten
DESH_PR_0152|5|Liegeplätze mit Schatten
DESH_PR_0153|5|Liegeplätze mit Schatten
DESH_PR_0154|5|Liegeplätze mit Schatten
DESH_PR_0156|5|Liegeplätze mit Schatten
DESH_PR_0157|5|Liegeplätze mit Schatten
DESH_PR_0158|5|Liegeplätze mit Schatten
DESH_PR_0159|5|Liegeplätze mit Schatten
DESH_PR_0160|5|Liegeplätze mit Schatten
DESH_PR_0163|5|Liegeplätze mit Schatten
DESH_PR_0164|5|Liegeplätze mit Schatten
DESH_PR_0165|5|Liegeplätze mit Schatten
DESH_PR_0166|5|Liegeplätze mit Schatten
DESH_PR_0167|5|Liegeplätze mit Schatten
DESH_PR_0171|5|Liegeplätze mit Schatten
DESH_PR_0172|5|Liegeplätze mit Schatten
DESH_PR_0173|5|Liegeplätze mit Schatten
DESH_PR_0176|5|Liegeplätze mit Schatten
DESH_PR_0177|5|Liegeplätze mit Schatten
DESH_PR_0182|5|Liegeplätze mit Schatten
DESH_PR_0211|5|Liegeplätze mit Schatten
DESH_PR_0212|5|Liegeplätze mit Schatten
DESH_PR_0213|5|Liegeplätze mit Schatten
DESH_PR_0214|5|Liegeplätze mit Schatten
DESH_PR_0216|5|Liegeplätze mit Schatten
DESH_PR_0217|5|Liegeplätze mit Schatten
DESH_PR_0218|5|Liegeplätze mit Schatten
DESH_PR_0219|5|Liegeplätze mit Schatten
DESH_PR_0220|5|Liegeplätze mit Schatten
DESH_PR_0221|5|Liegeplätze mit Schatten
DESH_PR_0222|5|Liegeplätze mit Schatten
DESH_PR_0223|5|Liegeplätze mit Schatten
DESH_PR_0224|5|Liegeplätze mit Schatten
DESH_PR_0225|5|Liegeplätze mit Schatten
DESH_PR_0226|5|Liegeplätze mit Schatten
DESH_PR_0227|5|Liegeplätze mit Schatten
DESH_PR_0228|5|Liegeplätze mit Schatten
DESH_PR_0229|5|Liegeplätze mit Schatten
DESH_PR_0231|5|Liegeplätze mit Schatten
DESH_PR_0232|5|Liegeplätze mit Schatten
DESH_PR_0233|5|Liegeplätze mit Schatten
DESH_PR_0234|5|Liegeplätze mit Schatten
DESH_PR_0235|5|Liegeplätze mit Schatten
DESH_PR_0236|5|Liegeplätze mit Schatten
DESH_PR_0238|5|Liegeplätze mit Schatten
DESH_PR_0239|5|Liegeplätze mit Schatten
DESH_PR_0247|5|Liegeplätze mit Schatten
DESH_PR_0249|5|Liegeplätze mit Schatten
DESH_PR_0250|5|Liegeplätze mit Schatten
DESH_PR_0262|5|Liegeplätze mit Schatten
DESH_PR_0263|5|Liegeplätze mit Schatten
DESH_PR_0266|5|Liegeplätze mit Schatten
DESH_PR_0268|5|Liegeplätze mit Schatten
DESH_PR_0270|5|Liegeplätze mit Schatten
DESH_PR_0275|5|Liegeplätze mit Schatten
DESH_PR_0276|5|Liegeplätze mit Schatten
DESH_PR_0277|5|Liegeplätze mit Schatten
DESH_PR_0281|5|Liegeplätze mit Schatten
DESH_PR_0289|5|Liegeplätze mit Schatten
DESH_PR_0293|5|Liegeplätze mit Schatten
DESH_PR_0294|5|Liegeplätze mit Schatten
DESH_PR_0295|5|Liegeplätze mit Schatten
DESH_PR_0296|5|Liegeplätze mit Schatten
DESH_PR_0298|5|Liegeplätze mit Schatten
DESH_PR_0299|5|Liegeplätze mit Schatten
DESH_PR_0301|5|Liegeplätze mit Schatten
DESH_PR_0303|5|Liegeplätze mit Schatten
DESH_PR_0304|5|Liegeplätze mit Schatten
DESH_PR_0305|5|Liegeplätze mit Schatten
DESH_PR_0306|5|Liegeplätze mit Schatten
DESH_PR_0307|5|Liegeplätze mit Schatten
DESH_PR_0308|5|Liegeplätze mit Schatten
DESH_PR_0309|5|Liegeplätze mit Schatten
DESH_PR_0310|5|Liegeplätze mit Schatten
DESH_PR_0312|5|Liegeplätze mit Schatten
DESH_PR_0313|5|Liegeplätze mit Schatten
DESH_PR_0315|5|Liegeplätze mit Schatten
DESH_PR_0317|5|Liegeplätze mit Schatten
DESH_PR_0321|5|Liegeplätze mit Schatten
DESH_PR_0323|5|Liegeplätze mit Schatten
DESH_PR_0324|5|Liegeplätze mit Schatten
DESH_PR_0333|5|Liegeplätze mit Schatten
DESH_PR_0335|5|Liegeplätze mit Schatten
DESH_PR_0001|5|Liegeplätze mit Schatten
DESH_PR_0336|5|Liegeplätze mit Schatten
DESH_PR_0005|5|Liegeplätze mit Schatten
DESH_PR_0322|5|Liegeplätze mit Schatten
DESH_PR_0008|5|Liegeplätze mit Schatten
DESH_PR_0024|5|Liegeplätze mit Schatten
DESH_PR_0027|5|Liegeplätze mit Schatten
DESH_PR_0028|5|Liegeplätze mit Schatten
DESH_PR_0029|5|Liegeplätze mit Schatten
DESH_PR_0030|5|Liegeplätze mit Schatten
DESH_PR_0031|5|Liegeplätze mit Schatten
DESH_PR_0032|5|Liegeplätze mit Schatten
DESH_PR_0064|5|Liegeplätze mit Schatten
DESH_PR_0065|5|Liegeplätze mit Schatten
DESH_PR_0080|5|Liegeplätze mit Schatten
DESH_PR_0083|5|Liegeplätze mit Schatten
DESH_PR_0084|5|Liegeplätze mit Schatten
DESH_PR_0086|5|Liegeplätze mit Schatten
DESH_PR_0087|5|Liegeplätze mit Schatten
DESH_PR_0088|5|Liegeplätze mit Schatten
DESH_PR_0090|5|Liegeplätze mit Schatten
DESH_PR_0099|5|Liegeplätze mit Schatten
DESH_PR_0101|5|Liegeplätze mit Schatten
DESH_PR_0104|5|Liegeplätze mit Schatten
DESH_PR_0105|5|Liegeplätze mit Schatten
DESH_PR_0107|5|Liegeplätze mit Schatten
DESH_PR_0108|5|Liegeplätze mit Schatten
DESH_PR_0109|5|Liegeplätze mit Schatten
DESH_PR_0111|5|Liegeplätze mit Schatten
DESH_PR_0120|5|Liegeplätze mit Schatten
DESH_PR_0121|5|Liegeplätze mit Schatten
DESH_PR_0122|5|Liegeplätze mit Schatten
DESH_PR_0026|5|Liegeplätze mit Schatten
DESH_PR_0040|5|Liegeplätze mit Schatten
DESH_PR_0025|5|Liegeplätze mit Schatten
DESH_PR_0042|5|Liegeplätze mit Schatten
DESH_PR_0034|5|Liegeplätze mit Schatten
DESH_PR_0050|5|Liegeplätze mit Schatten
DESH_PR_0067|5|Liegeplätze mit Schatten
DESH_PR_0340|5|Liegeplätze mit Schatten
DESH_PR_0066|5|Liegeplätze mit Schatten
DESH_PR_0334|5|Liegeplätze mit Schatten
DESH_PR_0311|5|Liegeplätze mit Schatten
DESH_PR_0036|5|Liegeplätze mit Schatten
DESH_PR_0037|5|Liegeplätze mit Schatten
DESH_PR_0023|5|Liegeplätze mit Schatten
DESH_PR_0041|5|Liegeplätze mit Schatten
DESH_PR_0297|5|Liegeplätze mit Schatten
DESH_PR_0349|5|Liegeplätze mit Schatten
DESH_PR_0344|5|Liegeplätze mit Schatten
DESH_PR_0345|5|Liegeplätze mit Schatten
DESH_PR_0002|5|Liegeplätze mit Schatten
DESH_PR_0178|5|Liegeplätze mit Schatten
DESH_PR_0353|5|Liegeplätze mit Schatten
DESH_PR_0039|5|Liegeplätze mit Schatten
DESH_PR_0123|6|Toiletten
DESH_PR_0124|6|Toiletten
DESH_PR_0125|6|Toiletten
DESH_PR_0126|6|Toiletten
DESH_PR_0127|6|Toiletten
DESH_PR_0128|6|Toiletten
DESH_PR_0129|6|Toiletten
DESH_PR_0130|6|Toiletten
DESH_PR_0133|6|Toiletten
DESH_PR_0134|6|Toiletten
DESH_PR_0135|6|Toiletten
DESH_PR_0136|6|Toiletten
DESH_PR_0137|6|Toiletten
DESH_PR_0138|6|Toiletten
DESH_PR_0139|6|Toiletten
DESH_PR_0140|6|Toiletten
DESH_PR_0144|6|Toiletten
DESH_PR_0146|6|Toiletten
DESH_PR_0147|6|Toiletten
DESH_PR_0148|6|Toiletten
DESH_PR_0149|6|Toiletten
DESH_PR_0151|6|Toiletten
DESH_PR_0152|6|Toiletten
DESH_PR_0153|6|Toiletten
DESH_PR_0154|6|Toiletten
DESH_PR_0155|6|Toiletten
DESH_PR_0156|6|Toiletten
DESH_PR_0157|6|Toiletten
DESH_PR_0158|6|Toiletten
DESH_PR_0160|6|Toiletten
DESH_PR_0161|6|Toiletten
DESH_PR_0162|6|Toiletten
DESH_PR_0163|6|Toiletten
DESH_PR_0164|6|Toiletten
DESH_PR_0165|6|Toiletten
DESH_PR_0166|6|Toiletten
DESH_PR_0167|6|Toiletten
DESH_PR_0168|6|Toiletten
DESH_PR_0169|6|Toiletten
DESH_PR_0170|6|Toiletten
DESH_PR_0171|6|Toiletten
DESH_PR_0172|6|Toiletten
DESH_PR_0173|6|Toiletten
DESH_PR_0174|6|Toiletten
DESH_PR_0175|6|Toiletten
DESH_PR_0176|6|Toiletten
DESH_PR_0177|6|Toiletten
DESH_PR_0178|6|Toiletten
DESH_PR_0179|6|Toiletten
DESH_PR_0182|6|Toiletten
DESH_PR_0183|6|Toiletten
DESH_PR_0185|6|Toiletten
DESH_PR_0186|6|Toiletten
DESH_PR_0190|6|Toiletten
DESH_PR_0191|6|Toiletten
DESH_PR_0198|6|Toiletten
DESH_PR_0199|6|Toiletten
DESH_PR_0200|6|Toiletten
DESH_PR_0203|6|Toiletten
DESH_PR_0207|6|Toiletten
DESH_PR_0208|6|Toiletten
DESH_PR_0209|6|Toiletten
DESH_PR_0210|6|Toiletten
DESH_PR_0211|6|Toiletten
DESH_PR_0212|6|Toiletten
DESH_PR_0213|6|Toiletten
DESH_PR_0214|6|Toiletten
DESH_PR_0216|6|Toiletten
DESH_PR_0217|6|Toiletten
DESH_PR_0218|6|Toiletten
DESH_PR_0219|6|Toiletten
DESH_PR_0220|6|Toiletten
DESH_PR_0221|6|Toiletten
DESH_PR_0222|6|Toiletten
DESH_PR_0223|6|Toiletten
DESH_PR_0224|6|Toiletten
DESH_PR_0225|6|Toiletten
DESH_PR_0226|6|Toiletten
DESH_PR_0227|6|Toiletten
DESH_PR_0228|6|Toiletten
DESH_PR_0230|6|Toiletten
DESH_PR_0231|6|Toiletten
DESH_PR_0232|6|Toiletten
DESH_PR_0233|6|Toiletten
DESH_PR_0235|6|Toiletten
DESH_PR_0238|6|Toiletten
DESH_PR_0239|6|Toiletten
DESH_PR_0243|6|Toiletten
DESH_PR_0244|6|Toiletten
DESH_PR_0247|6|Toiletten
DESH_PR_0249|6|Toiletten
DESH_PR_0250|6|Toiletten
DESH_PR_0251|6|Toiletten
DESH_PR_0252|6|Toiletten
DESH_PR_0253|6|Toiletten
DESH_PR_0255|6|Toiletten
DESH_PR_0256|6|Toiletten
DESH_PR_0257|6|Toiletten
DESH_PR_0258|6|Toiletten
DESH_PR_0259|6|Toiletten
DESH_PR_0260|6|Toiletten
DESH_PR_0261|6|Toiletten
DESH_PR_0262|6|Toiletten
DESH_PR_0263|6|Toiletten
DESH_PR_0264|6|Toiletten
DESH_PR_0265|6|Toiletten
DESH_PR_0266|6|Toiletten
DESH_PR_0267|6|Toiletten
DESH_PR_0270|6|Toiletten
DESH_PR_0271|6|Toiletten
DESH_PR_0204|6|Toiletten
DESH_PR_0272|6|Toiletten
DESH_PR_0273|6|Toiletten
DESH_PR_0275|6|Toiletten
DESH_PR_0277|6|Toiletten
DESH_PR_0278|6|Toiletten
DESH_PR_0279|6|Toiletten
DESH_PR_0280|6|Toiletten
DESH_PR_0282|6|Toiletten
DESH_PR_0283|6|Toiletten
DESH_PR_0284|6|Toiletten
DESH_PR_0285|6|Toiletten
DESH_PR_0288|6|Toiletten
DESH_PR_0289|6|Toiletten
DESH_PR_0290|6|Toiletten
DESH_PR_0291|6|Toiletten
DESH_PR_0292|6|Toiletten
DESH_PR_0293|6|Toiletten
DESH_PR_0294|6|Toiletten
DESH_PR_0296|6|Toiletten
DESH_PR_0297|6|Toiletten
DESH_PR_0298|6|Toiletten
DESH_PR_0299|6|Toiletten
DESH_PR_0300|6|Toiletten
DESH_PR_0301|6|Toiletten
DESH_PR_0302|6|Toiletten
DESH_PR_0303|6|Toiletten
DESH_PR_0304|6|Toiletten
DESH_PR_0305|6|Toiletten
DESH_PR_0307|6|Toiletten
DESH_PR_0310|6|Toiletten
DESH_PR_0312|6|Toiletten
DESH_PR_0313|6|Toiletten
DESH_PR_0314|6|Toiletten
DESH_PR_0315|6|Toiletten
DESH_PR_0317|6|Toiletten
DESH_PR_0319|6|Toiletten
DESH_PR_0320|6|Toiletten
DESH_PR_0321|6|Toiletten
DESH_PR_0323|6|Toiletten
DESH_PR_0324|6|Toiletten
DESH_PR_0330|6|Toiletten
DESH_PR_0331|6|Toiletten
DESH_PR_0332|6|Toiletten
DESH_PR_0333|6|Toiletten
DESH_PR_0335|6|Toiletten
DESH_PR_0002|6|Toiletten
DESH_PR_0003|6|Toiletten
DESH_PR_0004|6|Toiletten
DESH_PR_0005|6|Toiletten
DESH_PR_0322|6|Toiletten
DESH_PR_0007|6|Toiletten
DESH_PR_0008|6|Toiletten
DESH_PR_0009|6|Toiletten
DESH_PR_0010|6|Toiletten
DESH_PR_0011|6|Toiletten
DESH_PR_0012|6|Toiletten
DESH_PR_0013|6|Toiletten
DESH_PR_0014|6|Toiletten
DESH_PR_0015|6|Toiletten
DESH_PR_0016|6|Toiletten
DESH_PR_0017|6|Toiletten
DESH_PR_0018|6|Toiletten
DESH_PR_0019|6|Toiletten
DESH_PR_0020|6|Toiletten
DESH_PR_0021|6|Toiletten
DESH_PR_0022|6|Toiletten
DESH_PR_0024|6|Toiletten
DESH_PR_0027|6|Toiletten
DESH_PR_0028|6|Toiletten
DESH_PR_0029|6|Toiletten
DESH_PR_0030|6|Toiletten
DESH_PR_0031|6|Toiletten
DESH_PR_0032|6|Toiletten
DESH_PR_0033|6|Toiletten
DESH_PR_0038|6|Toiletten
DESH_PR_0039|6|Toiletten
DESH_PR_0045|6|Toiletten
DESH_PR_0046|6|Toiletten
DESH_PR_0047|6|Toiletten
DESH_PR_0048|6|Toiletten
DESH_PR_0049|6|Toiletten
DESH_PR_0050|6|Toiletten
DESH_PR_0052|6|Toiletten
DESH_PR_0053|6|Toiletten
DESH_PR_0054|6|Toiletten
DESH_PR_0055|6|Toiletten
DESH_PR_0056|6|Toiletten
DESH_PR_0057|6|Toiletten
DESH_PR_0058|6|Toiletten
DESH_PR_0060|6|Toiletten
DESH_PR_0061|6|Toiletten
DESH_PR_0063|6|Toiletten
DESH_PR_0064|6|Toiletten
DESH_PR_0065|6|Toiletten
DESH_PR_0066|6|Toiletten
DESH_PR_0067|6|Toiletten
DESH_PR_0068|6|Toiletten
DESH_PR_0069|6|Toiletten
DESH_PR_0076|6|Toiletten
DESH_PR_0077|6|Toiletten
DESH_PR_0078|6|Toiletten
DESH_PR_0079|6|Toiletten
DESH_PR_0080|6|Toiletten
DESH_PR_0081|6|Toiletten
DESH_PR_0082|6|Toiletten
DESH_PR_0083|6|Toiletten
DESH_PR_0084|6|Toiletten
DESH_PR_0085|6|Toiletten
DESH_PR_0086|6|Toiletten
DESH_PR_0087|6|Toiletten
DESH_PR_0088|6|Toiletten
DESH_PR_0089|6|Toiletten
DESH_PR_0090|6|Toiletten
DESH_PR_0091|6|Toiletten
DESH_PR_0092|6|Toiletten
DESH_PR_0093|6|Toiletten
DESH_PR_0094|6|Toiletten
DESH_PR_0095|6|Toiletten
DESH_PR_0096|6|Toiletten
DESH_PR_0097|6|Toiletten
DESH_PR_0098|6|Toiletten
DESH_PR_0099|6|Toiletten
DESH_PR_0100|6|Toiletten
DESH_PR_0101|6|Toiletten
DESH_PR_0102|6|Toiletten
DESH_PR_0103|6|Toiletten
DESH_PR_0104|6|Toiletten
DESH_PR_0105|6|Toiletten
DESH_PR_0106|6|Toiletten
DESH_PR_0107|6|Toiletten
DESH_PR_0108|6|Toiletten
DESH_PR_0109|6|Toiletten
DESH_PR_0110|6|Toiletten
DESH_PR_0111|6|Toiletten
DESH_PR_0112|6|Toiletten
DESH_PR_0113|6|Toiletten
DESH_PR_0114|6|Toiletten
DESH_PR_0115|6|Toiletten
DESH_PR_0116|6|Toiletten
DESH_PR_0117|6|Toiletten
DESH_PR_0118|6|Toiletten
DESH_PR_0119|6|Toiletten
DESH_PR_0120|6|Toiletten
DESH_PR_0122|6|Toiletten
DESH_PR_0026|6|Toiletten
DESH_PR_0040|6|Toiletten
DESH_PR_0025|6|Toiletten
DESH_PR_0042|6|Toiletten
DESH_PR_0034|6|Toiletten
DESH_PR_0062|6|Toiletten
DESH_PR_0339|6|Toiletten
DESH_PR_0338|6|Toiletten
DESH_PR_0334|6|Toiletten
DESH_PR_0311|6|Toiletten
DESH_PR_0036|6|Toiletten
DESH_PR_0035|6|Toiletten
DESH_PR_0037|6|Toiletten
DESH_PR_0023|6|Toiletten
DESH_PR_0041|6|Toiletten
DESH_PR_0347|6|Toiletten
DESH_PR_0121|6|Toiletten
DESH_PR_0340|6|Toiletten
DESH_PR_0341|6|Toiletten
DESH_PR_0342|6|Toiletten
DESH_PR_0352|6|Toiletten
DESH_PR_0205|6|Toiletten
DESH_PR_0248|6|Toiletten
DESH_PR_0043|6|Toiletten
DESH_PR_0044|6|Toiletten
DESH_PR_0070|6|Toiletten
DESH_PR_0071|6|Toiletten
DESH_PR_0072|6|Toiletten
DESH_PR_0073|6|Toiletten
DESH_PR_0074|6|Toiletten
DESH_PR_0075|6|Toiletten
DESH_PR_0353|6|Toiletten
DESH_PR_0350|6|Toiletten
DESH_PR_0351|6|Toiletten
DESH_PR_0051|6|Toiletten
DESH_PR_0006|6|Toiletten
DESH_PR_0355|6|Toiletten
DESH_PR_0356|6|Toiletten
DESH_PR_0123|7|Dusche
DESH_PR_0124|7|Dusche
DESH_PR_0128|7|Dusche
DESH_PR_0129|7|Dusche
DESH_PR_0130|7|Dusche
DESH_PR_0144|7|Dusche
DESH_PR_0146|7|Dusche
DESH_PR_0148|7|Dusche
DESH_PR_0154|7|Dusche
DESH_PR_0155|7|Dusche
DESH_PR_0156|7|Dusche
DESH_PR_0157|7|Dusche
DESH_PR_0160|7|Dusche
DESH_PR_0161|7|Dusche
DESH_PR_0162|7|Dusche
DESH_PR_0175|7|Dusche
DESH_PR_0176|7|Dusche
DESH_PR_0183|7|Dusche
DESH_PR_0185|7|Dusche
DESH_PR_0186|7|Dusche
DESH_PR_0200|7|Dusche
DESH_PR_0207|7|Dusche
DESH_PR_0223|7|Dusche
DESH_PR_0238|7|Dusche
DESH_PR_0239|7|Dusche
DESH_PR_0244|7|Dusche
DESH_PR_0249|7|Dusche
DESH_PR_0250|7|Dusche
DESH_PR_0251|7|Dusche
DESH_PR_0253|7|Dusche
DESH_PR_0254|7|Dusche
DESH_PR_0256|7|Dusche
DESH_PR_0257|7|Dusche
DESH_PR_0258|7|Dusche
DESH_PR_0264|7|Dusche
DESH_PR_0266|7|Dusche
DESH_PR_0267|7|Dusche
DESH_PR_0272|7|Dusche
DESH_PR_0273|7|Dusche
DESH_PR_0275|7|Dusche
DESH_PR_0277|7|Dusche
DESH_PR_0278|7|Dusche
DESH_PR_0279|7|Dusche
DESH_PR_0284|7|Dusche
DESH_PR_0288|7|Dusche
DESH_PR_0289|7|Dusche
DESH_PR_0291|7|Dusche
DESH_PR_0301|7|Dusche
DESH_PR_0302|7|Dusche
DESH_PR_0312|7|Dusche
DESH_PR_0315|7|Dusche
DESH_PR_0317|7|Dusche
DESH_PR_0321|7|Dusche
DESH_PR_0323|7|Dusche
DESH_PR_0332|7|Dusche
DESH_PR_0333|7|Dusche
DESH_PR_0001|7|Dusche
DESH_PR_0002|7|Dusche
DESH_PR_0005|7|Dusche
DESH_PR_0322|7|Dusche
DESH_PR_0007|7|Dusche
DESH_PR_0009|7|Dusche
DESH_PR_0010|7|Dusche
DESH_PR_0011|7|Dusche
DESH_PR_0013|7|Dusche
DESH_PR_0030|7|Dusche
DESH_PR_0033|7|Dusche
DESH_PR_0038|7|Dusche
DESH_PR_0039|7|Dusche
DESH_PR_0045|7|Dusche
DESH_PR_0046|7|Dusche
DESH_PR_0047|7|Dusche
DESH_PR_0048|7|Dusche
DESH_PR_0049|7|Dusche
DESH_PR_0050|7|Dusche
DESH_PR_0051|7|Dusche
DESH_PR_0052|7|Dusche
DESH_PR_0053|7|Dusche
DESH_PR_0054|7|Dusche
DESH_PR_0055|7|Dusche
DESH_PR_0056|7|Dusche
DESH_PR_0057|7|Dusche
DESH_PR_0058|7|Dusche
DESH_PR_0060|7|Dusche
DESH_PR_0061|7|Dusche
DESH_PR_0064|7|Dusche
DESH_PR_0065|7|Dusche
DESH_PR_0066|7|Dusche
DESH_PR_0067|7|Dusche
DESH_PR_0068|7|Dusche
DESH_PR_0069|7|Dusche
DESH_PR_0076|7|Dusche
DESH_PR_0077|7|Dusche
DESH_PR_0078|7|Dusche
DESH_PR_0079|7|Dusche
DESH_PR_0080|7|Dusche
DESH_PR_0081|7|Dusche
DESH_PR_0082|7|Dusche
DESH_PR_0085|7|Dusche
DESH_PR_0099|7|Dusche
DESH_PR_0100|7|Dusche
DESH_PR_0101|7|Dusche
DESH_PR_0102|7|Dusche
DESH_PR_0103|7|Dusche
DESH_PR_0106|7|Dusche
DESH_PR_0118|7|Dusche
DESH_PR_0120|7|Dusche
DESH_PR_0121|7|Dusche
DESH_PR_0122|7|Dusche
DESH_PR_0026|7|Dusche
DESH_PR_0040|7|Dusche
DESH_PR_0025|7|Dusche
DESH_PR_0034|7|Dusche
DESH_PR_0063|7|Dusche
DESH_PR_0339|7|Dusche
DESH_PR_0338|7|Dusche
DESH_PR_0340|7|Dusche
DESH_PR_0311|7|Dusche
DESH_PR_0036|7|Dusche
DESH_PR_0035|7|Dusche
DESH_PR_0037|7|Dusche
DESH_PR_0023|7|Dusche
DESH_PR_0041|7|Dusche
DESH_PR_0341|7|Dusche
DESH_PR_0342|7|Dusche
DESH_PR_0248|7|Dusche
DESH_PR_0070|7|Dusche
DESH_PR_0071|7|Dusche
DESH_PR_0074|7|Dusche
DESH_PR_0075|7|Dusche
DESH_PR_0350|7|Dusche
DESH_PR_0351|7|Dusche
DESH_PR_0006|7|Dusche
DESH_PR_0356|7|Dusche
DESH_PR_0084|7|Dusche
DESH_PR_0087|7|Dusche
DESH_PR_0128|8|Umkleiden
DESH_PR_0258|8|Umkleiden
DESH_PR_0266|8|Umkleiden
DESH_PR_0279|8|Umkleiden
DESH_PR_0284|8|Umkleiden
DESH_PR_0301|8|Umkleiden
DESH_PR_0302|8|Umkleiden
DESH_PR_0315|8|Umkleiden
DESH_PR_0317|8|Umkleiden
DESH_PR_0323|8|Umkleiden
DESH_PR_0332|8|Umkleiden
DESH_PR_0333|8|Umkleiden
DESH_PR_0001|8|Umkleiden
DESH_PR_0002|8|Umkleiden
DESH_PR_0005|8|Umkleiden
DESH_PR_0008|8|Umkleiden
DESH_PR_0009|8|Umkleiden
DESH_PR_0010|8|Umkleiden
DESH_PR_0011|8|Umkleiden
DESH_PR_0027|8|Umkleiden
DESH_PR_0032|8|Umkleiden
DESH_PR_0045|8|Umkleiden
DESH_PR_0066|8|Umkleiden
DESH_PR_0067|8|Umkleiden
DESH_PR_0081|8|Umkleiden
DESH_PR_0085|8|Umkleiden
DESH_PR_0100|8|Umkleiden
DESH_PR_0101|8|Umkleiden
DESH_PR_0102|8|Umkleiden
DESH_PR_0106|8|Umkleiden
DESH_PR_0120|8|Umkleiden
DESH_PR_0121|8|Umkleiden
DESH_PR_0122|8|Umkleiden
DESH_PR_0026|8|Umkleiden
DESH_PR_0040|8|Umkleiden
DESH_PR_0025|8|Umkleiden
DESH_PR_0034|8|Umkleiden
DESH_PR_0064|8|Umkleiden
DESH_PR_0352|8|Umkleiden
DESH_PR_0223|8|Umkleiden
DESH_PR_0322|8|Umkleiden
DESH_PR_0356|8|Umkleiden
DESH_PR_0123|9|Parken ohne Gebühren
DESH_PR_0125|9|Parken ohne Gebühren
DESH_PR_0126|9|Parken ohne Gebühren
DESH_PR_0127|9|Parken ohne Gebühren
DESH_PR_0140|9|Parken ohne Gebühren
DESH_PR_0141|9|Parken ohne Gebühren
DESH_PR_0143|9|Parken ohne Gebühren
DESH_PR_0153|9|Parken ohne Gebühren
DESH_PR_0163|9|Parken ohne Gebühren
DESH_PR_0164|9|Parken ohne Gebühren
DESH_PR_0165|9|Parken ohne Gebühren
DESH_PR_0166|9|Parken ohne Gebühren
DESH_PR_0167|9|Parken ohne Gebühren
DESH_PR_0168|9|Parken ohne Gebühren
DESH_PR_0169|9|Parken ohne Gebühren
DESH_PR_0171|9|Parken ohne Gebühren
DESH_PR_0173|9|Parken ohne Gebühren
DESH_PR_0174|9|Parken ohne Gebühren
DESH_PR_0178|9|Parken ohne Gebühren
DESH_PR_0179|9|Parken ohne Gebühren
DESH_PR_0182|9|Parken ohne Gebühren
DESH_PR_0186|9|Parken ohne Gebühren
DESH_PR_0190|9|Parken ohne Gebühren
DESH_PR_0191|9|Parken ohne Gebühren
DESH_PR_0198|9|Parken ohne Gebühren
DESH_PR_0202|9|Parken ohne Gebühren
DESH_PR_0209|9|Parken ohne Gebühren
DESH_PR_0211|9|Parken ohne Gebühren
DESH_PR_0212|9|Parken ohne Gebühren
DESH_PR_0213|9|Parken ohne Gebühren
DESH_PR_0214|9|Parken ohne Gebühren
DESH_PR_0216|9|Parken ohne Gebühren
DESH_PR_0217|9|Parken ohne Gebühren
DESH_PR_0218|9|Parken ohne Gebühren
DESH_PR_0219|9|Parken ohne Gebühren
DESH_PR_0220|9|Parken ohne Gebühren
DESH_PR_0221|9|Parken ohne Gebühren
DESH_PR_0222|9|Parken ohne Gebühren
DESH_PR_0223|9|Parken ohne Gebühren
DESH_PR_0224|9|Parken ohne Gebühren
DESH_PR_0225|9|Parken ohne Gebühren
DESH_PR_0226|9|Parken ohne Gebühren
DESH_PR_0227|9|Parken ohne Gebühren
DESH_PR_0228|9|Parken ohne Gebühren
DESH_PR_0229|9|Parken ohne Gebühren
DESH_PR_0230|9|Parken ohne Gebühren
DESH_PR_0231|9|Parken ohne Gebühren
DESH_PR_0232|9|Parken ohne Gebühren
DESH_PR_0233|9|Parken ohne Gebühren
DESH_PR_0234|9|Parken ohne Gebühren
DESH_PR_0235|9|Parken ohne Gebühren
DESH_PR_0236|9|Parken ohne Gebühren
DESH_PR_0238|9|Parken ohne Gebühren
DESH_PR_0249|9|Parken ohne Gebühren
DESH_PR_0250|9|Parken ohne Gebühren
DESH_PR_0252|9|Parken ohne Gebühren
DESH_PR_0253|9|Parken ohne Gebühren
DESH_PR_0254|9|Parken ohne Gebühren
DESH_PR_0255|9|Parken ohne Gebühren
DESH_PR_0256|9|Parken ohne Gebühren
DESH_PR_0260|9|Parken ohne Gebühren
DESH_PR_0261|9|Parken ohne Gebühren
DESH_PR_0262|9|Parken ohne Gebühren
DESH_PR_0263|9|Parken ohne Gebühren
DESH_PR_0264|9|Parken ohne Gebühren
DESH_PR_0265|9|Parken ohne Gebühren
DESH_PR_0266|9|Parken ohne Gebühren
DESH_PR_0267|9|Parken ohne Gebühren
DESH_PR_0269|9|Parken ohne Gebühren
DESH_PR_0270|9|Parken ohne Gebühren
DESH_PR_0271|9|Parken ohne Gebühren
DESH_PR_0272|9|Parken ohne Gebühren
DESH_PR_0273|9|Parken ohne Gebühren
DESH_PR_0274|9|Parken ohne Gebühren
DESH_PR_0275|9|Parken ohne Gebühren
DESH_PR_0276|9|Parken ohne Gebühren
DESH_PR_0277|9|Parken ohne Gebühren
DESH_PR_0278|9|Parken ohne Gebühren
DESH_PR_0279|9|Parken ohne Gebühren
DESH_PR_0280|9|Parken ohne Gebühren
DESH_PR_0282|9|Parken ohne Gebühren
DESH_PR_0283|9|Parken ohne Gebühren
DESH_PR_0284|9|Parken ohne Gebühren
DESH_PR_0285|9|Parken ohne Gebühren
DESH_PR_0286|9|Parken ohne Gebühren
DESH_PR_0287|9|Parken ohne Gebühren
DESH_PR_0288|9|Parken ohne Gebühren
DESH_PR_0289|9|Parken ohne Gebühren
DESH_PR_0291|9|Parken ohne Gebühren
DESH_PR_0292|9|Parken ohne Gebühren
DESH_PR_0293|9|Parken ohne Gebühren
DESH_PR_0295|9|Parken ohne Gebühren
DESH_PR_0296|9|Parken ohne Gebühren
DESH_PR_0297|9|Parken ohne Gebühren
DESH_PR_0298|9|Parken ohne Gebühren
DESH_PR_0299|9|Parken ohne Gebühren
DESH_PR_0300|9|Parken ohne Gebühren
DESH_PR_0301|9|Parken ohne Gebühren
DESH_PR_0302|9|Parken ohne Gebühren
DESH_PR_0303|9|Parken ohne Gebühren
DESH_PR_0304|9|Parken ohne Gebühren
DESH_PR_0305|9|Parken ohne Gebühren
DESH_PR_0306|9|Parken ohne Gebühren
DESH_PR_0307|9|Parken ohne Gebühren
DESH_PR_0308|9|Parken ohne Gebühren
DESH_PR_0309|9|Parken ohne Gebühren
DESH_PR_0310|9|Parken ohne Gebühren
DESH_PR_0312|9|Parken ohne Gebühren
DESH_PR_0313|9|Parken ohne Gebühren
DESH_PR_0314|9|Parken ohne Gebühren
DESH_PR_0319|9|Parken ohne Gebühren
DESH_PR_0330|9|Parken ohne Gebühren
DESH_PR_0331|9|Parken ohne Gebühren
DESH_PR_0001|9|Parken ohne Gebühren
DESH_PR_0336|9|Parken ohne Gebühren
DESH_PR_0322|9|Parken ohne Gebühren
DESH_PR_0012|9|Parken ohne Gebühren
DESH_PR_0014|9|Parken ohne Gebühren
DESH_PR_0018|9|Parken ohne Gebühren
DESH_PR_0022|9|Parken ohne Gebühren
DESH_PR_0024|9|Parken ohne Gebühren
DESH_PR_0028|9|Parken ohne Gebühren
DESH_PR_0029|9|Parken ohne Gebühren
DESH_PR_0030|9|Parken ohne Gebühren
DESH_PR_0032|9|Parken ohne Gebühren
DESH_PR_0033|9|Parken ohne Gebühren
DESH_PR_0038|9|Parken ohne Gebühren
DESH_PR_0039|9|Parken ohne Gebühren
DESH_PR_0046|9|Parken ohne Gebühren
DESH_PR_0048|9|Parken ohne Gebühren
DESH_PR_0049|9|Parken ohne Gebühren
DESH_PR_0050|9|Parken ohne Gebühren
DESH_PR_0051|9|Parken ohne Gebühren
DESH_PR_0054|9|Parken ohne Gebühren
DESH_PR_0061|9|Parken ohne Gebühren
DESH_PR_0065|9|Parken ohne Gebühren
DESH_PR_0068|9|Parken ohne Gebühren
DESH_PR_0069|9|Parken ohne Gebühren
DESH_PR_0077|9|Parken ohne Gebühren
DESH_PR_0083|9|Parken ohne Gebühren
DESH_PR_0086|9|Parken ohne Gebühren
DESH_PR_0088|9|Parken ohne Gebühren
DESH_PR_0089|9|Parken ohne Gebühren
DESH_PR_0090|9|Parken ohne Gebühren
DESH_PR_0091|9|Parken ohne Gebühren
DESH_PR_0092|9|Parken ohne Gebühren
DESH_PR_0093|9|Parken ohne Gebühren
DESH_PR_0094|9|Parken ohne Gebühren
DESH_PR_0095|9|Parken ohne Gebühren
DESH_PR_0096|9|Parken ohne Gebühren
DESH_PR_0098|9|Parken ohne Gebühren
DESH_PR_0104|9|Parken ohne Gebühren
DESH_PR_0105|9|Parken ohne Gebühren
DESH_PR_0107|9|Parken ohne Gebühren
DESH_PR_0108|9|Parken ohne Gebühren
DESH_PR_0109|9|Parken ohne Gebühren
DESH_PR_0110|9|Parken ohne Gebühren
DESH_PR_0111|9|Parken ohne Gebühren
DESH_PR_0112|9|Parken ohne Gebühren
DESH_PR_0113|9|Parken ohne Gebühren
DESH_PR_0114|9|Parken ohne Gebühren
DESH_PR_0115|9|Parken ohne Gebühren
DESH_PR_0116|9|Parken ohne Gebühren
DESH_PR_0117|9|Parken ohne Gebühren
DESH_PR_0119|9|Parken ohne Gebühren
DESH_PR_0052|9|Parken ohne Gebühren
DESH_PR_0053|9|Parken ohne Gebühren
DESH_PR_0060|9|Parken ohne Gebühren
DESH_PR_0063|9|Parken ohne Gebühren
DESH_PR_0064|9|Parken ohne Gebühren
DESH_PR_0066|9|Parken ohne Gebühren
DESH_PR_0346|9|Parken ohne Gebühren
DESH_PR_0076|9|Parken ohne Gebühren
DESH_PR_0334|9|Parken ohne Gebühren
DESH_PR_0311|9|Parken ohne Gebühren
DESH_PR_0316|9|Parken ohne Gebühren
DESH_PR_0315|9|Parken ohne Gebühren
DESH_PR_0317|9|Parken ohne Gebühren
DESH_PR_0121|9|Parken ohne Gebühren
DESH_PR_0349|9|Parken ohne Gebühren
DESH_PR_0340|9|Parken ohne Gebühren
DESH_PR_0345|9|Parken ohne Gebühren
DESH_PR_0341|9|Parken ohne Gebühren
DESH_PR_0342|9|Parken ohne Gebühren
DESH_PR_0205|9|Parken ohne Gebühren
DESH_PR_0097|9|Parken ohne Gebühren
DESH_PR_0043|9|Parken ohne Gebühren
DESH_PR_0080|9|Parken ohne Gebühren
DESH_PR_0355|9|Parken ohne Gebühren
DESH_PR_0325|9|Parken ohne Gebühren
DESH_PR_0356|9|Parken ohne Gebühren
DESH_PR_0133|10|Parken mit Gebühren
DESH_PR_0183|10|Parken mit Gebühren
DESH_PR_0185|10|Parken mit Gebühren
DESH_PR_0199|10|Parken mit Gebühren
DESH_PR_0200|10|Parken mit Gebühren
DESH_PR_0208|10|Parken mit Gebühren
DESH_PR_0243|10|Parken mit Gebühren
DESH_PR_0245|10|Parken mit Gebühren
DESH_PR_0249|10|Parken mit Gebühren
DESH_PR_0251|10|Parken mit Gebühren
DESH_PR_0258|10|Parken mit Gebühren
DESH_PR_0203|10|Parken mit Gebühren
DESH_PR_0204|10|Parken mit Gebühren
DESH_PR_0320|10|Parken mit Gebühren
DESH_PR_0002|10|Parken mit Gebühren
DESH_PR_0004|10|Parken mit Gebühren
DESH_PR_0019|10|Parken mit Gebühren
DESH_PR_0020|10|Parken mit Gebühren
DESH_PR_0057|10|Parken mit Gebühren
DESH_PR_0093|10|Parken mit Gebühren
DESH_PR_0094|10|Parken mit Gebühren
DESH_PR_0095|10|Parken mit Gebühren
DESH_PR_0096|10|Parken mit Gebühren
DESH_PR_0099|10|Parken mit Gebühren
DESH_PR_0114|10|Parken mit Gebühren
DESH_PR_0115|10|Parken mit Gebühren
DESH_PR_0116|10|Parken mit Gebühren
DESH_PR_0117|10|Parken mit Gebühren
DESH_PR_0118|10|Parken mit Gebühren
DESH_PR_0062|10|Parken mit Gebühren
DESH_PR_0055|10|Parken mit Gebühren
DESH_PR_0078|10|Parken mit Gebühren
DESH_PR_0079|10|Parken mit Gebühren
DESH_PR_0056|10|Parken mit Gebühren
DESH_PR_0025|10|Parken mit Gebühren
DESH_PR_0352|10|Parken mit Gebühren
DESH_PR_0201|10|Parken mit Gebühren
DESH_PR_0244|10|Parken mit Gebühren
DESH_PR_0031|10|Parken mit Gebühren
DESH_PR_0070|10|Parken mit Gebühren
DESH_PR_0074|10|Parken mit Gebühren
DESH_PR_0210|10|Parken mit Gebühren
DESH_PR_0350|10|Parken mit Gebühren
DESH_PR_0206|10|Parken mit Gebühren
DESH_PR_0123|11|Strandkorbverleih
DESH_PR_0124|11|Strandkorbverleih
DESH_PR_0129|11|Strandkorbverleih
DESH_PR_0130|11|Strandkorbverleih
DESH_PR_0136|11|Strandkorbverleih
DESH_PR_0138|11|Strandkorbverleih
DESH_PR_0142|11|Strandkorbverleih
DESH_PR_0144|11|Strandkorbverleih
DESH_PR_0146|11|Strandkorbverleih
DESH_PR_0185|11|Strandkorbverleih
DESH_PR_0199|11|Strandkorbverleih
DESH_PR_0200|11|Strandkorbverleih
DESH_PR_0207|11|Strandkorbverleih
DESH_PR_0210|11|Strandkorbverleih
DESH_PR_0244|11|Strandkorbverleih
DESH_PR_0250|11|Strandkorbverleih
DESH_PR_0251|11|Strandkorbverleih
DESH_PR_0331|11|Strandkorbverleih
DESH_PR_0016|11|Strandkorbverleih
DESH_PR_0017|11|Strandkorbverleih
DESH_PR_0019|11|Strandkorbverleih
DESH_PR_0020|11|Strandkorbverleih
DESH_PR_0045|11|Strandkorbverleih
DESH_PR_0046|11|Strandkorbverleih
DESH_PR_0047|11|Strandkorbverleih
DESH_PR_0052|11|Strandkorbverleih
DESH_PR_0053|11|Strandkorbverleih
DESH_PR_0054|11|Strandkorbverleih
DESH_PR_0055|11|Strandkorbverleih
DESH_PR_0058|11|Strandkorbverleih
DESH_PR_0076|11|Strandkorbverleih
DESH_PR_0077|11|Strandkorbverleih
DESH_PR_0093|11|Strandkorbverleih
DESH_PR_0094|11|Strandkorbverleih
DESH_PR_0095|11|Strandkorbverleih
DESH_PR_0096|11|Strandkorbverleih
DESH_PR_0114|11|Strandkorbverleih
DESH_PR_0115|11|Strandkorbverleih
DESH_PR_0116|11|Strandkorbverleih
DESH_PR_0117|11|Strandkorbverleih
DESH_PR_0118|11|Strandkorbverleih
DESH_PR_0048|11|Strandkorbverleih
DESH_PR_0049|11|Strandkorbverleih
DESH_PR_0051|11|Strandkorbverleih
DESH_PR_0060|11|Strandkorbverleih
DESH_PR_0063|11|Strandkorbverleih
DESH_PR_0068|11|Strandkorbverleih
DESH_PR_0079|11|Strandkorbverleih
DESH_PR_0253|11|Strandkorbverleih
DESH_PR_0043|11|Strandkorbverleih
DESH_PR_0070|11|Strandkorbverleih
DESH_PR_0071|11|Strandkorbverleih
DESH_PR_0072|11|Strandkorbverleih
DESH_PR_0073|11|Strandkorbverleih
DESH_PR_0074|11|Strandkorbverleih
DESH_PR_0351|11|Strandkorbverleih
DESH_PR_0006|11|Strandkorbverleih
DESH_PR_0082|11|Strandkorbverleih
DESH_PR_0084|11|Strandkorbverleih
DESH_PR_0140|12|Campingplatz
DESH_PR_0141|12|Campingplatz
DESH_PR_0148|12|Campingplatz
DESH_PR_0154|12|Campingplatz
DESH_PR_0155|12|Campingplatz
DESH_PR_0156|12|Campingplatz
DESH_PR_0157|12|Campingplatz
DESH_PR_0158|12|Campingplatz
DESH_PR_0160|12|Campingplatz
DESH_PR_0161|12|Campingplatz
DESH_PR_0162|12|Campingplatz
DESH_PR_0175|12|Campingplatz
DESH_PR_0176|12|Campingplatz
DESH_PR_0180|12|Campingplatz
DESH_PR_0184|12|Campingplatz
DESH_PR_0215|12|Campingplatz
DESH_PR_0237|12|Campingplatz
DESH_PR_0240|12|Campingplatz
DESH_PR_0251|12|Campingplatz
DESH_PR_0272|12|Campingplatz
DESH_PR_0289|12|Campingplatz
DESH_PR_0291|12|Campingplatz
DESH_PR_0294|12|Campingplatz
DESH_PR_0296|12|Campingplatz
DESH_PR_0303|12|Campingplatz
DESH_PR_0306|12|Campingplatz
DESH_PR_0309|12|Campingplatz
DESH_PR_0313|12|Campingplatz
DESH_PR_0013|12|Campingplatz
DESH_PR_0018|12|Campingplatz
DESH_PR_0029|12|Campingplatz
DESH_PR_0031|12|Campingplatz
DESH_PR_0033|12|Campingplatz
DESH_PR_0038|12|Campingplatz
DESH_PR_0039|12|Campingplatz
DESH_PR_0082|12|Campingplatz
DESH_PR_0103|12|Campingplatz
DESH_PR_0026|12|Campingplatz
DESH_PR_0060|12|Campingplatz
DESH_PR_0061|12|Campingplatz
DESH_PR_0078|12|Campingplatz
DESH_PR_0316|12|Campingplatz
DESH_PR_0036|12|Campingplatz
DESH_PR_0035|12|Campingplatz
DESH_PR_0037|12|Campingplatz
DESH_PR_0041|12|Campingplatz
DESH_PR_0343|12|Campingplatz
DESH_PR_0342|12|Campingplatz
DESH_PR_0192|12|Campingplatz
DESH_PR_0197|12|Campingplatz
DESH_PR_0348|12|Campingplatz
DESH_PR_0188|12|Campingplatz
DESH_PR_0189|12|Campingplatz
DESH_PR_0206|12|Campingplatz
DESH_PR_0187|12|Campingplatz
DESH_PR_0204|12|Campingplatz
DESH_PR_0205|12|Campingplatz
DESH_PR_0207|12|Campingplatz
DESH_PR_0193|12|Campingplatz
DESH_PR_0194|12|Campingplatz
DESH_PR_0195|12|Campingplatz
DESH_PR_0196|12|Campingplatz
DESH_PR_0073|12|Campingplatz
DESH_PR_0130|14|Spielplatz
DESH_PR_0147|14|Spielplatz
DESH_PR_0149|14|Spielplatz
DESH_PR_0151|14|Spielplatz
DESH_PR_0152|14|Spielplatz
DESH_PR_0153|14|Spielplatz
DESH_PR_0158|14|Spielplatz
DESH_PR_0160|14|Spielplatz
DESH_PR_0163|14|Spielplatz
DESH_PR_0164|14|Spielplatz
DESH_PR_0165|14|Spielplatz
DESH_PR_0166|14|Spielplatz
DESH_PR_0167|14|Spielplatz
DESH_PR_0169|14|Spielplatz
DESH_PR_0170|14|Spielplatz
DESH_PR_0174|14|Spielplatz
DESH_PR_0176|14|Spielplatz
DESH_PR_0190|14|Spielplatz
DESH_PR_0191|14|Spielplatz
DESH_PR_0217|14|Spielplatz
DESH_PR_0219|14|Spielplatz
DESH_PR_0220|14|Spielplatz
DESH_PR_0232|14|Spielplatz
DESH_PR_0249|14|Spielplatz
DESH_PR_0250|14|Spielplatz
DESH_PR_0251|14|Spielplatz
DESH_PR_0253|14|Spielplatz
DESH_PR_0254|14|Spielplatz
DESH_PR_0255|14|Spielplatz
DESH_PR_0256|14|Spielplatz
DESH_PR_0258|14|Spielplatz
DESH_PR_0259|14|Spielplatz
DESH_PR_0267|14|Spielplatz
DESH_PR_0272|14|Spielplatz
DESH_PR_0273|14|Spielplatz
DESH_PR_0284|14|Spielplatz
DESH_PR_0288|14|Spielplatz
DESH_PR_0289|14|Spielplatz
DESH_PR_0290|14|Spielplatz
DESH_PR_0292|14|Spielplatz
DESH_PR_0294|14|Spielplatz
DESH_PR_0299|14|Spielplatz
DESH_PR_0303|14|Spielplatz
DESH_PR_0321|14|Spielplatz
DESH_PR_0324|14|Spielplatz
DESH_PR_0330|14|Spielplatz
DESH_PR_0001|14|Spielplatz
DESH_PR_0333|14|Spielplatz
DESH_PR_0003|14|Spielplatz
DESH_PR_0014|14|Spielplatz
DESH_PR_0015|14|Spielplatz
DESH_PR_0016|14|Spielplatz
DESH_PR_0017|14|Spielplatz
DESH_PR_0018|14|Spielplatz
DESH_PR_0019|14|Spielplatz
DESH_PR_0020|14|Spielplatz
DESH_PR_0021|14|Spielplatz
DESH_PR_0022|14|Spielplatz
DESH_PR_0028|14|Spielplatz
DESH_PR_0033|14|Spielplatz
DESH_PR_0038|14|Spielplatz
DESH_PR_0067|14|Spielplatz
DESH_PR_0076|14|Spielplatz
DESH_PR_0084|14|Spielplatz
DESH_PR_0086|14|Spielplatz
DESH_PR_0087|14|Spielplatz
DESH_PR_0105|14|Spielplatz
DESH_PR_0107|14|Spielplatz
DESH_PR_0108|14|Spielplatz
DESH_PR_0042|14|Spielplatz
DESH_PR_0034|14|Spielplatz
DESH_PR_0047|14|Spielplatz
DESH_PR_0046|14|Spielplatz
DESH_PR_0052|14|Spielplatz
DESH_PR_0056|14|Spielplatz
DESH_PR_0060|14|Spielplatz
DESH_PR_0064|14|Spielplatz
DESH_PR_0053|14|Spielplatz
DESH_PR_0054|14|Spielplatz
DESH_PR_0066|14|Spielplatz
DESH_PR_0068|14|Spielplatz
DESH_PR_0341|14|Spielplatz
DESH_PR_0077|14|Spielplatz
DESH_PR_0078|14|Spielplatz
DESH_PR_0340|14|Spielplatz
DESH_PR_0291|14|Spielplatz
DESH_PR_0334|14|Spielplatz
DESH_PR_0311|14|Spielplatz
DESH_PR_0320|14|Spielplatz
DESH_PR_0315|14|Spielplatz
DESH_PR_0317|14|Spielplatz
DESH_PR_0036|14|Spielplatz
DESH_PR_0035|14|Spielplatz
DESH_PR_0037|14|Spielplatz
DESH_PR_0023|14|Spielplatz
DESH_PR_0345|14|Spielplatz
DESH_PR_0347|14|Spielplatz
DESH_PR_0002|14|Spielplatz
DESH_PR_0336|14|Spielplatz
DESH_PR_0044|14|Spielplatz
DESH_PR_0070|14|Spielplatz
DESH_PR_0072|14|Spielplatz
DESH_PR_0266|14|Spielplatz
DESH_PR_0353|14|Spielplatz
DESH_PR_0350|14|Spielplatz
DESH_PR_0012|14|Spielplatz
DESH_PR_0082|14|Spielplatz
DESH_PR_0124|15|Gaststätte
DESH_PR_0126|15|Gaststätte
DESH_PR_0127|15|Gaststätte
DESH_PR_0131|15|Gaststätte
DESH_PR_0135|15|Gaststätte
DESH_PR_0136|15|Gaststätte
DESH_PR_0138|15|Gaststätte
DESH_PR_0139|15|Gaststätte
DESH_PR_0143|15|Gaststätte
DESH_PR_0146|15|Gaststätte
DESH_PR_0147|15|Gaststätte
DESH_PR_0148|15|Gaststätte
DESH_PR_0151|15|Gaststätte
DESH_PR_0155|15|Gaststätte
DESH_PR_0158|15|Gaststätte
DESH_PR_0163|15|Gaststätte
DESH_PR_0168|15|Gaststätte
DESH_PR_0175|15|Gaststätte
DESH_PR_0183|15|Gaststätte
DESH_PR_0185|15|Gaststätte
DESH_PR_0191|15|Gaststätte
DESH_PR_0199|15|Gaststätte
DESH_PR_0200|15|Gaststätte
DESH_PR_0207|15|Gaststätte
DESH_PR_0214|15|Gaststätte
DESH_PR_0227|15|Gaststätte
DESH_PR_0234|15|Gaststätte
DESH_PR_0235|15|Gaststätte
DESH_PR_0244|15|Gaststätte
DESH_PR_0250|15|Gaststätte
DESH_PR_0251|15|Gaststätte
DESH_PR_0252|15|Gaststätte
DESH_PR_0254|15|Gaststätte
DESH_PR_0257|15|Gaststätte
DESH_PR_0259|15|Gaststätte
DESH_PR_0265|15|Gaststätte
DESH_PR_0272|15|Gaststätte
DESH_PR_0302|15|Gaststätte
DESH_PR_0306|15|Gaststätte
DESH_PR_0309|15|Gaststätte
DESH_PR_0313|15|Gaststätte
DESH_PR_0004|15|Gaststätte
DESH_PR_0015|15|Gaststätte
DESH_PR_0021|15|Gaststätte
DESH_PR_0024|15|Gaststätte
DESH_PR_0030|15|Gaststätte
DESH_PR_0032|15|Gaststätte
DESH_PR_0033|15|Gaststätte
DESH_PR_0038|15|Gaststätte
DESH_PR_0039|15|Gaststätte
DESH_PR_0057|15|Gaststätte
DESH_PR_0058|15|Gaststätte
DESH_PR_0078|15|Gaststätte
DESH_PR_0084|15|Gaststätte
DESH_PR_0091|15|Gaststätte
DESH_PR_0105|15|Gaststätte
DESH_PR_0112|15|Gaststätte
DESH_PR_0047|15|Gaststätte
DESH_PR_0045|15|Gaststätte
DESH_PR_0046|15|Gaststätte
DESH_PR_0063|15|Gaststätte
DESH_PR_0066|15|Gaststätte
DESH_PR_0339|15|Gaststätte
DESH_PR_0076|15|Gaststätte
DESH_PR_0079|15|Gaststätte
DESH_PR_0338|15|Gaststätte
DESH_PR_0036|15|Gaststätte
DESH_PR_0035|15|Gaststätte
DESH_PR_0037|15|Gaststätte
DESH_PR_0056|15|Gaststätte
DESH_PR_0349|15|Gaststätte
DESH_PR_0342|15|Gaststätte
DESH_PR_0341|15|Gaststätte
DESH_PR_0043|15|Gaststätte
DESH_PR_0070|15|Gaststätte
DESH_PR_0072|15|Gaststätte
DESH_PR_0073|15|Gaststätte
DESH_PR_0074|15|Gaststätte
DESH_PR_0266|15|Gaststätte
DESH_PR_0209|15|Gaststätte
DESH_PR_0350|15|Gaststätte
DESH_PR_0228|15|Gaststätte
DESH_PR_0239|15|Gaststätte
DESH_PR_0189|15|Gaststätte
DESH_PR_0192|15|Gaststätte
DESH_PR_0194|15|Gaststätte
DESH_PR_0195|15|Gaststätte
DESH_PR_0206|15|Gaststätte
DESH_PR_0082|15|Gaststätte
DESH_PR_0087|15|Gaststätte
DESH_PR_0122|16|Kiosk
DESH_PR_0126|16|Kiosk
DESH_PR_0128|16|Kiosk
DESH_PR_0129|16|Kiosk
DESH_PR_0140|16|Kiosk
DESH_PR_0144|16|Kiosk
DESH_PR_0151|16|Kiosk
DESH_PR_0167|16|Kiosk
DESH_PR_0168|16|Kiosk
DESH_PR_0231|16|Kiosk
DESH_PR_0249|16|Kiosk
DESH_PR_0250|16|Kiosk
DESH_PR_0252|16|Kiosk
DESH_PR_0254|16|Kiosk
DESH_PR_0256|16|Kiosk
DESH_PR_0258|16|Kiosk
DESH_PR_0268|16|Kiosk
DESH_PR_0277|16|Kiosk
DESH_PR_0278|16|Kiosk
DESH_PR_0279|16|Kiosk
DESH_PR_0283|16|Kiosk
DESH_PR_0289|16|Kiosk
DESH_PR_0290|16|Kiosk
DESH_PR_0294|16|Kiosk
DESH_PR_0301|16|Kiosk
DESH_PR_0309|16|Kiosk
DESH_PR_0312|16|Kiosk
DESH_PR_0324|16|Kiosk
DESH_PR_0330|16|Kiosk
DESH_PR_0331|16|Kiosk
DESH_PR_0333|16|Kiosk
DESH_PR_0003|16|Kiosk
DESH_PR_0322|16|Kiosk
DESH_PR_0009|16|Kiosk
DESH_PR_0011|16|Kiosk
DESH_PR_0012|16|Kiosk
DESH_PR_0014|16|Kiosk
DESH_PR_0018|16|Kiosk
DESH_PR_0019|16|Kiosk
DESH_PR_0020|16|Kiosk
DESH_PR_0029|16|Kiosk
DESH_PR_0039|16|Kiosk
DESH_PR_0053|16|Kiosk
DESH_PR_0055|16|Kiosk
DESH_PR_0061|16|Kiosk
DESH_PR_0064|16|Kiosk
DESH_PR_0065|16|Kiosk
DESH_PR_0066|16|Kiosk
DESH_PR_0069|16|Kiosk
DESH_PR_0077|16|Kiosk
DESH_PR_0079|16|Kiosk
DESH_PR_0081|16|Kiosk
DESH_PR_0085|16|Kiosk
DESH_PR_0100|16|Kiosk
DESH_PR_0102|16|Kiosk
DESH_PR_0106|16|Kiosk
DESH_PR_0026|16|Kiosk
DESH_PR_0040|16|Kiosk
DESH_PR_0338|16|Kiosk
DESH_PR_0042|16|Kiosk
DESH_PR_0339|16|Kiosk
DESH_PR_0045|16|Kiosk
DESH_PR_0046|16|Kiosk
DESH_PR_0062|16|Kiosk
DESH_PR_0056|16|Kiosk
DESH_PR_0060|16|Kiosk
DESH_PR_0068|16|Kiosk
DESH_PR_0078|16|Kiosk
DESH_PR_0311|16|Kiosk
DESH_PR_0316|16|Kiosk
DESH_PR_0319|16|Kiosk
DESH_PR_0008|16|Kiosk
DESH_PR_0007|16|Kiosk
DESH_PR_0035|16|Kiosk
DESH_PR_0023|16|Kiosk
DESH_PR_0223|16|Kiosk
DESH_PR_0341|16|Kiosk
DESH_PR_0342|16|Kiosk
DESH_PR_0031|16|Kiosk
DESH_PR_0044|16|Kiosk
DESH_PR_0070|16|Kiosk
DESH_PR_0074|16|Kiosk
DESH_PR_0075|16|Kiosk
DESH_PR_0190|16|Kiosk
DESH_PR_0238|16|Kiosk
DESH_PR_0351|16|Kiosk
DESH_PR_0193|16|Kiosk
DESH_PR_0194|16|Kiosk
DESH_PR_0195|16|Kiosk
DESH_PR_0206|16|Kiosk
DESH_PR_0051|16|Kiosk
DESH_PR_0080|16|Kiosk
DESH_PR_0006|16|Kiosk
DESH_PR_0082|16|Kiosk
DESH_PR_0087|16|Kiosk
DESH_PR_0154|17|Rudern
DESH_PR_0156|17|Rudern
DESH_PR_0162|17|Rudern
DESH_PR_0269|17|Rudern
DESH_PR_0103|17|Rudern
DESH_PR_0042|17|Rudern
DESH_PR_0142|18|Tretboot
DESH_PR_0144|18|Tretboot
DESH_PR_0290|18|Tretboot
DESH_PR_0003|18|Tretboot
DESH_PR_0016|18|Tretboot
DESH_PR_0042|18|Tretboot
DESH_PR_0066|18|Tretboot
DESH_PR_0131|19|Surfen
DESH_PR_0132|19|Surfen
DESH_PR_0138|19|Surfen
DESH_PR_0145|19|Surfen
DESH_PR_0157|19|Surfen
DESH_PR_0162|19|Surfen
DESH_PR_0177|19|Surfen
DESH_PR_0264|19|Surfen
DESH_PR_0265|19|Surfen
DESH_PR_0268|19|Surfen
DESH_PR_0048|19|Surfen
DESH_PR_0049|19|Surfen
DESH_PR_0078|19|Surfen
DESH_PR_0079|19|Surfen
DESH_PR_0337|19|Surfen
DESH_PR_0045|19|Surfen
DESH_PR_0061|19|Surfen
DESH_PR_0044|19|Surfen
DESH_PR_0074|19|Surfen
DESH_PR_0350|19|Surfen
DESH_PR_0243|19|Surfen
DESH_PR_0082|19|Surfen
DESH_PR_0138|20|Segeln
DESH_PR_0145|20|Segeln
DESH_PR_0161|20|Segeln
DESH_PR_0177|20|Segeln
DESH_PR_0269|20|Segeln
DESH_PR_0078|20|Segeln
DESH_PR_0045|20|Segeln
DESH_PR_0082|20|Segeln
DESH_PR_0123|21|FKK-Strand
DESH_PR_0134|21|FKK-Strand
DESH_PR_0253|21|FKK-Strand
DESH_PR_0258|21|FKK-Strand
DESH_PR_0290|21|FKK-Strand
DESH_PR_0015|21|FKK-Strand
DESH_PR_0021|21|FKK-Strand
DESH_PR_0050|21|FKK-Strand
DESH_PR_0054|21|FKK-Strand
DESH_PR_0046|21|FKK-Strand
DESH_PR_0348|21|FKK-Strand
DESH_PR_0078|21|FKK-Strand
DESH_PR_0068|21|FKK-Strand
DESH_PR_0007|21|FKK-Strand
DESH_PR_0045|21|FKK-Strand
DESH_PR_0070|21|FKK-Strand
DESH_PR_0075|21|FKK-Strand
DESH_PR_0139|22|Hundestrand
DESH_PR_0142|22|Hundestrand
DESH_PR_0146|22|Hundestrand
DESH_PR_0164|22|Hundestrand
DESH_PR_0243|22|Hundestrand
DESH_PR_0253|22|Hundestrand
DESH_PR_0258|22|Hundestrand
DESH_PR_0273|22|Hundestrand
DESH_PR_0290|22|Hundestrand
DESH_PR_0001|22|Hundestrand
DESH_PR_0002|22|Hundestrand
DESH_PR_0014|22|Hundestrand
DESH_PR_0016|22|Hundestrand
DESH_PR_0021|22|Hundestrand
DESH_PR_0022|22|Hundestrand
DESH_PR_0050|22|Hundestrand
DESH_PR_0054|22|Hundestrand
DESH_PR_0045|22|Hundestrand
DESH_PR_0060|22|Hundestrand
DESH_PR_0046|22|Hundestrand
DESH_PR_0078|22|Hundestrand
DESH_PR_0079|22|Hundestrand
DESH_PR_0077|22|Hundestrand
DESH_PR_0068|22|Hundestrand
DESH_PR_0088|22|Hundestrand
DESH_PR_0341|22|Hundestrand
DESH_PR_0070|22|Hundestrand
DESH_PR_0073|22|Hundestrand
DESH_PR_0191|22|Hundestrand
DESH_PR_0051|22|Hundestrand
DESH_PR_0063|22|Hundestrand
DESH_PR_0007|22|Hundestrand
DESH_PR_0127|22|Hundestrand
DESH_PR_0082|22|Hundestrand
DESH_PR_0149|13|Grillplatz
DESH_PR_0152|13|Grillplatz
DESH_PR_0169|13|Grillplatz
DESH_PR_0174|13|Grillplatz
DESH_PR_0219|13|Grillplatz
DESH_PR_0232|13|Grillplatz
DESH_PR_0251|13|Grillplatz
DESH_PR_0257|13|Grillplatz
DESH_PR_0290|13|Grillplatz
DESH_PR_0330|13|Grillplatz
DESH_PR_0004|13|Grillplatz
DESH_PR_0015|13|Grillplatz
DESH_PR_0017|13|Grillplatz
DESH_PR_0066|13|Grillplatz
DESH_PR_0320|13|Grillplatz
DESH_PR_0253|13|Grillplatz
DESH_PR_0190|13|Grillplatz
DESH_PR_0012|13|Grillplatz
DESH_PR_0213|13|Grillplatz
DESH_PR_0322|13|Grillplatz
DESH_PR_0082|13|Grillplatz
